video,inicio_s,fim_s,"texto_PT (lido por OCR, sem acento)",texto_ES
Ads 1 FEP,0.0,2.666,Como fazer preenchimento / full face em 2'meses.,Cómo hacer relleno full face en 2 meses.
Ads 1 FEP,3.0,5.0,O que bloqueia os / injetores muitas vezes,Lo que frena a los inyectores muchas veces
Ads 1 FEP,5.0,7.333,é a falta de seguranca / na hora de abordar um,es la falta de seguridad al abordar un
Ads 1 FEP,7.333,8.333,preenchimento full face.,relleno full face.
Ads 1 FEP,8.667,10.666,"Ou até,mesmo / procedimentos isolados",O incluso procedimientos aislados
Ads 1 FEP,10.667,12.0,mas que sejam mais avancados,"pero más avanzados,"
Ads 1 FEP,12.0,13.333,"como uma rinomodelacao,","como una rinomodelación,"
Ads 1 FEP,13.667,14.666,um preenchimento de temporas.,un relleno de sienes.
Ads 1 FEP,15.0,18.0,A falta de conhecimento de / como escolher o melhor material,La falta de conocimiento sobre cómo elegir el mejor material
Ads 1 FEP,18.0,19.666,"(pra cada uma das regioes,","para cada una de las regiones,"
Ads 1 FEP,19.667,21.333,"como diagnosticar / e tratar as intercorrencias,","cómo diagnosticar y tratar las complicaciones,"
Ads 1 FEP,21.667,24.333,faz com que vocé fique / perdido e nao se sinta confiante.,hace que te sientas perdido y sin confianza.
Ads 1 FEP,24.667,27.0,Aqui a gente tem / um exemplo da Wanessa.,Aquí tenemos el ejemplo de Wanessa.
Ads 1 FEP,26.333,27.333,"Ola meu nome é Wanessa,","Hola, mi nombre es Wanessa,"
Ads 1 FEP,27.0,28.666,"A Vanessa tambem era assim,","Wanessa también era así,"
Ads 1 FEP,27.667,28.666,"sou aluna da FEP,","soy alumna de la FEP,"
Ads 1 FEP,29.0,31.333,nao se sentia segura de / fazer um preenchimento.,no se sentía segura para hacer un relleno.
Ads 1 FEP,31.333,33.666,"Fazia procedimentos isolados / como um bigode chines,","Hacía procedimientos aislados, como el surco nasogeniano,"
Ads 1 FEP,31.667,34.666,PROCEDIMENTUS / ISOLADOS,PROCEDIMIENTOS AISLADOS
Ads 1 FEP,33.667,34.666,como um labio.,como un labio.
Ads 1 FEP,35.0,37.333,Mas ela nao tinha o dominio / do que ela tava fazendo,Pero no tenía dominio de lo que estaba haciendo
Ads 1 FEP,37.667,39.666,e por isso ela nao / deslanchava na carreira.,y por eso no despegaba en su carrera.
Ads 1 FEP,40.0,43.666,Hoje a gente percebe que apos / 2 meses dela ta inscrita na FEP,"Hoy vemos que, tras 2 meses inscrita en la FEP,"
Ads 1 FEP,40.667,43.666,APENAS2.MESES,SOLO 2 MESES
Ads 1 FEP,44.0,46.666,ela comecou a realmente / entender o que ela tava fazendo.,empezó a entender de verdad lo que estaba haciendo.
Ads 1 FEP,47.0,49.333,Ela domina as técnicas que / entregam muito resultado,Domina las técnicas que dan mucho resultado
Ads 1 FEP,48.667,49.666,MUITO RESULTADO,MUCHO RESULTADO
Ads 1 FEP,49.333,50.333,usando pouco material.,usando poco material.
Ads 1 FEP,49.667,50.333,POUCOMATERIAL,POCO MATERIAL
Ads 1 FEP,50.667,52.666,"Hoje ela é uma lnjetora de Elite,","Hoy es una Inyectora de Élite,"
Ads 1 FEP,51.667,53.333,INJETORADE ELITE,INYECTORA DE ÉLITE
Ads 1 FEP,53.0,54.666,ela sabe como entregar / resultados como esses.,sabe cómo lograr resultados como estos.
Ads 1 FEP,61.0,63.666,Toque em SAIBA MAiS,Toca en MÁS INFORMACIÓN
Ads 2 FEP,0.333,2.333,"Pos graduacao em estética, / vale a pena?","Posgrado en estética, ¿vale la pena?"
Ads 2 FEP,2.333,3.333,Eu vou dar a minha opiniao.,Te voy a dar mi opinión.
Ads 2 FEP,3.667,6.0,"Eu, assim como a / maioria de voces,","Yo, como la mayoría de ustedes,"
Ads 2 FEP,6.0,6.666,quando me formei,cuando me gradué
Ads 2 FEP,6.667,9.333,me senti inseguro e tambeém / senti essa necessidade.,me sentí inseguro y también sentí esa necesidad.
Ads 2 FEP,9.667,10.333,O que aconteceu?,¿Qué pasó?
Ads 2 FEP,10.333,11.333,Me inscrevi numa pos.,Me inscribí en un posgrado.
Ads 2 FEP,11.333,15.0,Comecei porque eu achava / que eu nao ia ter muitos pacientes.,Empecé porque pensaba que no iba a tener muchos pacientes.
Ads 2 FEP,15.667,17.666,So que eu me formei na / época da pandemia.,Pero me gradué en la época de la pandemia.
Ads 2 FEP,17.667,19.666,Entao na hora da pandemia / deu lockdown,"Entonces, con la pandemia, llegó el confinamiento"
Ads 2 FEP,19.667,22.0,"e eu nao,dei sequencia / na pos graduagao.",y no seguí con el posgrado.
Ads 2 FEP,22.333,24.666,"Mas por umanecessidade do / mercado e do momento,","Pero por una necesidad del mercado y del momento,"
Ads 2 FEP,24.667,26.333,com minha familia toda trancada,"con toda mi familia encerrada,"
Ads 2 FEP,26.667,30.0,eu precisei ir atras dos / meus pacientes e de fazer,tuve que ir a buscar a mis pacientes y hacer
Ads 2 FEP,30.0,31.666,as coisas acontecerem.,que las cosas pasaran.
Ads 2 FEP,32.0,33.333,E foi o melhor / que me aconteceu.,Y fue lo mejor que me pasó.
Ads 2 FEP,33.333,34.666,"Entao eu estudei,","Entonces estudié,"
Ads 2 FEP,34.667,36.333,fiz varios cursos online,hice varios cursos online
Ads 2 FEP,36.667,39.666,"e me aprofundei no / conhecimento focado,","y profundicé en el conocimiento enfocado,"
Ads 2 FEP,40.0,41.333,que é o que eu quero / que voces entendam.,que es lo que quiero que entiendan.
Ads 2 FEP,41.667,44.0,Depois que eu de / maneira direcionada,"Después de que, de manera dirigida,"
Ads 2 FEP,44.0,45.333,"estudei preenchimento,","estudié relleno,"
Ads 2 FEP,45.333,46.0,"estudei toxina,","estudié toxina,"
Ads 2 FEP,46.0,47.333,"estudei bioestimuladores,","estudié bioestimuladores,"
Ads 2 FEP,47.667,49.666,eu comecei a melhorar / as minhas'técnicas,empecé a mejorar mis técnicas
Ads 2 FEP,49.667,51.0,e tive muito resultado,y tuve mucho resultado
Ads 2 FEP,51.0,51.666,muito rapido.,muy rápido.
Ads 2 FEP,52.0,53.333,O que eu quero / que voce faca é,Lo que quiero que hagas es
Ads 2 FEP,53.333,56.0,"que voce acelere o teu processo / de aprendizagem,","que aceleres tu proceso de aprendizaje,"
Ads 2 FEP,56.333,58.333,que voce estude de maneira focada.,que estudies de manera enfocada.
Ads 2 FEP,58.667,60.333,Quando'a gente pensa / numa pos graduacao,"Cuando pensamos en un posgrado,"
Ads 2 FEP,60.333,62.666,eles focam em diversas questoes:,se enfocan en diversas cuestiones:
Ads 2 FEP,63.0,64.0,"tecnologias,","tecnologías,"
Ads 2 FEP,64.333,65.333,inducoes percutaneas,"inducciones percutáneas,"
Ads 2 FEP,65.333,67.0,entre outras muitas coisas,"entre muchas otras cosas,"
Ads 2 FEP,67.0,69.666,e nada muito focado no / que voce realmente precisa.,y nada muy enfocado en lo que realmente necesitas
Ads 2 FEP,69.667,71.666,"Pra se tornar um injetor senior,","para convertirte en un inyector sénior,"
Ads 2 FEP,71.667,73.666,um injetor que entrega / muito resultado,un inyector que logra mucho resultado
Ads 2 FEP,73.667,75.0,usando menos material.,usando menos material.
Ads 2 FEP,75.333,78.0,"Por isso a minha sugestao / é que voce venha'pra FEP,","Por eso mi sugerencia es que vengas a la FEP,"
Ads 2 FEP,78.333,80.333,a Formacao Especialista / em Preenchimento.,la Formación Especialista en Relleno.
Ads 2 FEP,80.667,82.666,Nao existe nenhum / profissional de destaque,No existe ningún profesional destacado
Ads 2 FEP,83.0,86.0,que nao seja reconhecido pelo / preenchimento full face.,que no sea reconocido por el relleno full face.
Ads 2 FEP,86.0,87.666,Nao adianta voce ser um otimo,No sirve de nada que seas un excelente
Ads 2 FEP,88.0,90.333,profissional que trabalha / com tecnologias,profesional que trabaja con tecnologías
Ads 2 FEP,90.333,91.0,ou com qualquer,o con cualquier
Ads 2 FEP,91.0,92.0,"outro tratamento,","otro tratamiento,"
Ads 2 FEP,92.667,95.333,mas se vocé nao fizer um / preenchimento full face bem feito,"si no haces un relleno full face bien hecho,"
Ads 2 FEP,95.333,99.0,o teu caminho nao sera / tao grandioso quanto poderia.,tu camino no será tan grande como podría.
Ads 2 FEP,99.0,100.666,Entao se vocée quer se aprofundar,"Entonces, si quieres profundizar"
Ads 2 FEP,100.667,102.0,no procedimento mais rentavel,en el procedimiento más rentable
Ads 2 FEP,102.0,103.0,"da medicina estetica,","de la medicina estética,"
Ads 2 FEP,103.333,105.333,"toque em “""Saiba Mais"" / e te vejo na FEP!",¡toca en «Más información» y nos vemos en la FEP!
Ads 2 FEP,107.0,109.666,Toque em SAIBA MAiS,Toca en MÁS INFORMACIÓN
Ads 3 FEP,0.333,2.666,Voce'nunca vai se sentir / confiante no preenchimento,Nunca te vas a sentir seguro en el relleno
Ads 3 FEP,2.667,4.0,se voce nao.entender isso.,si no entiendes esto.
Ads 3 FEP,4.333,6.0,"O conhecimento reologico,","El conocimiento reológico,"
Ads 3 FEP,5.0,6.0,REOLOGIA,REOLOGÍA
Ads 3 FEP,6.0,7.666,"o conhecimento de anatomia,","el conocimiento de anatomía,"
Ads 3 FEP,6.333,7.666,ANAYOMIA,ANATOMÍA
Ads 3 FEP,7.667,9.666,"o diagnostico e manejo / das complicacoes,","el diagnóstico y manejo de las complicaciones,"
Ads 3 FEP,8.0,9.666,INTERCORRENCIAS,COMPLICACIONES
Ads 3 FEP,10.0,11.333,entender de fato quais,entender de verdad cuáles
Ads 3 FEP,11.667,14.0,sao as melhores tecnicas / para cada paciente,son las mejores técnicas para cada paciente
Ads 3 FEP,12.0,13.666,TECNICAS,TÉCNICAS
Ads 3 FEP,14.333,15.666,vai te trazer seguranca.,te va a dar seguridad.
Ads 3 FEP,15.667,16.666,Essa era a principal,Esa era la principal
Ads 3 FEP,17.0,18.0,queixa dos meus alunos,queja de mis alumnos
Ads 3 FEP,18.0,20.333,quando eles pensavam no / preenchimento full face.,cuando pensaban en el relleno full face.
Ads 3 FEP,20.667,23.333,E hoje apos 2 meses de / entrarem na FEP,"Y hoy, tras 2 meses de entrar en la FEP,"
Ads 3 FEP,21.333,23.0,APENAS2MESES,SOLO 2 MESES
Ads 3 FEP,23.667,25.666,eles sabem entregar / muito resultado,saben lograr mucho resultado
Ads 3 FEP,24.667,25.666,MUITO RESULTADO,MUCHO RESULTADO
Ads 3 FEP,25.667,26.666,POUCO MATERIAL,POCO MATERIAL
Ads 3 FEP,25.667,26.666,com menos material.,con menos material.
Ads 3 FEP,27.0,29.333,Eles de fato.entenderam / como diagnosticar e,De verdad entendieron cómo diagnosticar y
Ads 3 FEP,29.333,31.0,tratar as principais complicacoes,tratar las principales complicaciones
Ads 3 FEP,31.333,33.666,e se sentiram'seguros pra / colocar em pratica,y se sintieron seguros para poner en práctica
Ads 3 FEP,32.0,33.666,SEGURANCA,SEGURIDAD
Ads 3 FEP,33.667,35.333,o que eles aprenderam / no nosso treinamento,"lo que aprendieron en nuestro entrenamiento,"
Ads 3 FEP,35.667,38.666,Formacao Especialista em / Preenchimento 100% online,"la Formación Especialista en Relleno, 100% online,"
Ads 3 FEP,37.0,38.333,100%0NLINE,100% ONLINE
Ads 3 FEP,38.667,40.0,onde voce de fato,donde de verdad
Ads 3 FEP,40.333,41.333,consegue ganhar,logras ganar
Ads 3 FEP,41.333,42.666,tempo de seringa,tiempo de jeringa
Ads 3 FEP,41.667,43.0,TEMPO DE SERINGA,TIEMPO DE JERINGA
Ads 3 FEP,42.667,44.666,e amadurecimento de raciocinio,y madurez de razonamiento
Ads 3 FEP,43.667,45.333,RACIOCINIO CLINICO,RAZONAMIENTO CLÍNICO
Ads 3 FEP,44.667,46.333,pra conseguir colocar em pratica.,para poder ponerlo en práctica.
Ads 3 FEP,46.333,49.333,Assim como.os meus alunos / que tem hoje resultados belos,"Así como mis alumnos, que hoy tienen resultados hermosos"
Ads 3 FEP,65.333,68.0,Toque em SAIBA MAiS,Toca en MÁS INFORMACIÓN
Ads 4 FEP,0.333,3.0,Isso vai dobrar sua / conversao de pacientes.,Esto va a duplicar tu conversión de pacientes.
Ads 4 FEP,3.333,6.666,Quando eu penso em avaliacao e / trazer clareza pro meu paciente,"Cuando pienso en evaluar y darle claridad a mi paciente,"
Ads 4 FEP,7.0,9.333,é o momento onde eu / mostro pra ele o porque,es el momento en que le muestro por qué
Ads 4 FEP,9.333,11.0,ele precisa daquele tratamento.,necesita ese tratamiento.
Ads 4 FEP,11.333,13.0,Qual que é o objetivo final?,¿Cuál es el objetivo final?
Ads 4 FEP,13.0,14.0,Como que vai ser feito?,¿Cómo se va a hacer?
Ads 4 FEP,14.333,15.0,Por que vai ser feito?,¿Por qué se va a hacer?
Ads 4 FEP,15.0,16.0,Quanto tempo vai durar?,¿Cuánto tiempo va a durar?
Ads 4 FEP,16.667,17.333,Doi nao doi?,¿Duele o no duele?
Ads 4 FEP,17.333,20.333,Essa clareza é o que vai fazer / o seu paciente sentir seguro,Esa claridad es lo que hará que tu paciente se sienta seguro
Ads 4 FEP,20.333,22.666,de escolher esse tratamento ou nao.,para elegir ese tratamiento o no.
Ads 4 FEP,22.667,23.333,Por isso,"Por eso,"
Ads 4 FEP,23.333,25.333,na Formacao Especialista / em Preenchimento,en la Formación Especialista en Relleno
Ads 4 FEP,25.667,27.333,eu mostro em aulas completas,muestro en clases completas
Ads 4 FEP,27.667,29.666,"como vocé deve conversar / com seu paciente,","cómo debes conversar con tu paciente,"
Ads 4 FEP,30.0,32.0,"todo o passo a passo / de uma avaliacao,","todo el paso a paso de una evaluación,"
Ads 4 FEP,32.333,33.333,"da anamnese,","de la anamnesis,"
Ads 4 FEP,33.333,34.333,do planejamento,"de la planificación,"
Ads 4 FEP,34.333,36.333,"onde voce traz clareza,","donde le das claridad,"
Ads 4 FEP,36.333,38.666,conhecimento e seguranga / pro seu paciente.,conocimiento y seguridad a tu paciente.
Ads 4 FEP,39.0,41.0,Dessa forma fica muito claro,De esta forma queda muy claro
Ads 4 FEP,41.0,44.0,Que ele precisa ser seu paciente / e ser tratado por vocée.,que necesita ser tu paciente y ser tratado por ti.
Ads 4 FEP,44.333,46.666,Assim voce dobra sua / conversao de pacientes.,Así duplicas tu conversión de pacientes.
Ads 4 FEP,48.333,48.666,Toque em SAl,Toca en MÁS
Ads 4 FEP,48.667,51.0,Toque em SAIBA MAiS,Toca en MÁS INFORMACIÓN
Ads 5 FEP,0.333,2.666,Voce nunca.vai ter / confianca no'preenchimento,Nunca vas a tener confianza en el relleno
Ads 5 FEP,2.667,4.333,se voce nao.entender isso.,si no entiendes esto.
Ads 5 FEP,4.667,7.0,O preenchimento full face / é um tratamento.complexo,El relleno full face es un tratamiento complejo
Ads 5 FEP,6.0,7.0,COMPLEXO,COMPLEJO
Ads 5 FEP,7.333,9.666,que precisa de um / conhecimento afinado,que requiere un conocimiento afinado
Ads 5 FEP,9.667,11.333,"quando a gente / pensa em anatomia,","cuando pensamos en anatomía,"
Ads 5 FEP,10.333,11.333,ANATOMIA,ANATOMÍA
Ads 5 FEP,11.333,12.666,"fisiologia do envelhecimento,","fisiología del envejecimiento,"
Ads 5 FEP,11.667,12.666,FISIOLOGIA,FISIOLOGÍA
Ads 5 FEP,13.0,15.0,REOLOGIA,REOLOGÍA
Ads 5 FEP,13.0,14.0,reologia dos materiais,reología de los materiales
Ads 5 FEP,14.0,15.666,para escolher o melhor / produto para cada uma,para elegir el mejor producto para cada una
Ads 5 FEP,15.667,16.666,"das regioes,","de las regiones,"
Ads 5 FEP,17.0,18.666,diagnostico e manejo / das complicacoes.,diagnóstico y manejo de las complicaciones.
Ads 5 FEP,17.667,18.666,INTERCORRENCIAS,COMPLICACIONES
Ads 5 FEP,19.0,21.0,Preciso saber escolher / a melhor técnica,Necesito saber elegir la mejor técnica
Ads 5 FEP,19.333,21.333,TECNICA,TÉCNICA
Ads 5 FEP,21.0,22.333,pra cada paciente.,para cada paciente.
Ads 5 FEP,22.667,25.0,Isso era uma.das principais / dores dos meus alunos,Este era uno de los principales dolores de mis alumnos
Ads 5 FEP,25.0,26.0,antes de entrarem na FEP.,antes de entrar en la FEP.
Ads 5 FEP,26.333,28.333,E hoje com esse conhecimento,"Y hoy, con este conocimiento,"
Ads 5 FEP,28.333,30.333,eles conseguem entregar / esses resultados,logran entregar estos resultados.
Ads 5 FEP,37.667,39.333,Uma formacao 100% online,Una formación 100% online
Ads 5 FEP,38.667,40.0,100%0NLINE,100% ONLINE
Ads 5 FEP,39.333,42.0,"onde vocé se,aprofunda / nas minhas tecnicas,","donde profundizas en mis técnicas,"
Ads 5 FEP,42.0,43.333,METODOLOGIA,METODOLOGÍA
Ads 5 FEP,42.0,43.333,"na minha metodologia,","en mi metodología,"
Ads 5 FEP,43.667,45.333,"num tripe baseado em ciencia,","en un trípode basado en ciencia,"
Ads 5 FEP,44.333,45.333,CIENCIA,CIENCIA
Ads 5 FEP,45.333,46.0,PRATICA,PRÁCTICA
Ads 5 FEP,45.333,47.0,pratica e gestao da carreira.,práctica y gestión de carrera.
Ads 5 FEP,46.0,47.333,GESTAO DE CARREIRA,GESTIÓN DE CARRERA
Ads 5 FEP,47.333,50.0,Vou ajudar voces a pensarem / como injetores de sucesso,Voy a ayudarlos a pensar como inyectores de éxito
Ads 5 FEP,50.667,52.0,pra que a carreira / de voces tambem,para que su carrera también
Ads 5 FEP,52.333,53.333,ACELERE,ACELERE
Ads 5 FEP,52.333,54.0,acelere o processo de evolucao.,acelere el proceso de evolución.
Ads 5 FEP,54.333,57.0,Se voce quer ser um / injetor full face de elite,"Si quieres ser un inyector full face de élite,"
Ads 5 FEP,56.0,57.333,INJETOR DE ELITE,INYECTOR DE ÉLITE
Ads 5 FEP,57.0,59.0,toque 'Saiba Mais' / que eu te vejo na FEP.,toca en «Más información» y nos vemos en la FEP.
Ads 5 FEP,57.333,58.666,SAIBAIAIS,MÁS INFORMACIÓN
Ads 5 FEP,60.333,63.0,Toque em SAIBA MAiS,Toca en MÁS INFORMACIÓN
Ads 6 FEP,0.333,2.666,Como fazer os seus / pacientes se sentirem seguros,Cómo hacer que tus pacientes se sientan seguros
Ads 6 FEP,1.667,3.0,SEGURAS,SEGUROS
Ads 6 FEP,3.0,4.0,SOB SEUS CUIDADOS,BAJO TU CUIDADO
Ads 6 FEP,3.0,4.0,sob seus cuidados.,bajo tu cuidado.
Ads 6 FEP,4.333,7.333,A seguranca'do teu paciente / vem da tua seguranca.,La seguridad de tu paciente viene de tu seguridad.
Ads 6 FEP,5.667,7.0,SUA SEGURANCA,TU SEGURIDAD
Ads 6 FEP,7.333,10.0,Eu vejo muitos profissionais / ainda inseguros,Veo muchos profesionales todavía inseguros
Ads 6 FEP,10.0,11.666,FALTA DE CONHECIMENTO,FALTA DE CONOCIMIENTO
Ads 6 FEP,10.333,11.666,por falta de conhecimento.,por falta de conocimiento.
Ads 6 FEP,12.0,14.666,Por nao se sentirem / realmente aptos a,Por no sentirse realmente aptos para
Ads 6 FEP,15.333,16.666,DIAGNOSTICAR,DIAGNOSTICAR
Ads 6 FEP,15.333,17.666,"diagnosticar todas as / possiveis complicacoes,","diagnosticar todas las posibles complicaciones,"
Ads 6 FEP,16.667,18.0,COMPLICACOES,COMPLICACIONES
Ads 6 FEP,18.0,20.333,"a tratar se possivel / e se necessario,","tratarlas si es posible y si es necesario,"
Ads 6 FEP,18.333,19.666,TRATAR,TRATAR
Ads 6 FEP,20.333,24.333,"a entender de fato o porqué / de cada produto que ele usa,","entender de verdad el porqué de cada producto que usa,"
Ads 6 FEP,22.667,24.0,MELHOR PRODUTO,MEJOR PRODUCTO
Ads 6 FEP,24.333,26.0,DISPOSITIVO CORRETO,DISPOSITIVO CORRECTO
Ads 6 FEP,24.333,25.666,"qual dispositivo,","qué dispositivo,"
Ads 6 FEP,25.667,28.333,qual a textura do gel mais / interessante para cada,qué textura de gel es más interesante para cada
Ads 6 FEP,26.667,28.0,TEXTURADO GEL,TEXTURA DEL GEL
Ads 6 FEP,28.333,29.666,uma dessas regioes.,una de esas regiones.
Ads 6 FEP,29.667,32.333,Esse conhecimento ja / esta totalmente mastigado,Ese conocimiento ya está totalmente digerido
Ads 6 FEP,32.333,32.666,para voce que quer se aprofundar,para ti que quieres profundizar
Ads 6 FEP,32.333,35.0,no mundo do preenchimento full face,en el mundo del relleno full face
Ads 6 FEP,33.0,33.666,para voce que quer se aprofundar,para ti que quieres profundizar
Ads 6 FEP,34.667,35.0,para voce que quer se aprofundar,para ti que quieres profundizar
Ads 6 FEP,35.0,37.333,na Formacao Especialista / em Preenchimento.,en la Formación Especialista en Relleno.
Ads 6 FEP,37.333,39.333,A FEP é o meu curso online,La FEP es mi curso online
Ads 6 FEP,38.0,40.0,FORMACAOONLINE,FORMACIÓN ONLINE
Ads 6 FEP,39.333,40.333,onde voce vai entender,donde vas a entender
Ads 6 FEP,40.667,42.333,como escolher as melhores tecnicas,cómo elegir las mejores técnicas
Ads 6 FEP,41.0,42.666,MELHORESTECNICAS,MEJORES TÉCNICAS
Ads 6 FEP,42.333,43.666,que entregam muito resultado,que dan mucho resultado
Ads 6 FEP,42.667,43.666,MUITO RESULTADO,MUCHO RESULTADO
Ads 6 FEP,43.667,44.666,POUCO MATERIAL,POCO MATERIAL
Ads 6 FEP,43.667,44.666,usando pouco material.,usando poco material.
Ads 6 FEP,45.0,46.333,Para ter resultados delicados,Para tener resultados delicados
Ads 6 FEP,45.333,46.333,DELICADOS,DELICADOS
Ads 6 FEP,46.333,47.333,NATURAIS,NATURALES
Ads 6 FEP,46.333,49.0,naturais como esses dos / meus alunos que voces vao ver,naturales como estos de mis alumnos que van a ver
Ads 6 FEP,47.667,49.0,ALUNOSDAFEP,ALUMNOS DE LA FEP
Ads 6 FEP,49.333,57.0,CASOS DOS ALUNOS DA FEP,CASOS DE ALUMNOS DE LA FEP
Ads 6 FEP,57.333,59.0,Existe uma metodologia clara,Existe una metodología clara
Ads 6 FEP,57.667,59.0,METODOLOGIAUNICA,METODOLOGÍA ÚNICA
Ads 6 FEP,59.0,60.0,onde eu mostro,donde te muestro
Ads 6 FEP,60.0,61.333,pra voce o passo a passo,el paso a paso
Ads 6 FEP,60.667,62.0,PASSOAPASSO,PASO A PASO
Ads 6 FEP,61.667,64.0,pra voce conseguir se / tornar um injetor seguro,para que logres convertirte en un inyector seguro
Ads 6 FEP,62.667,64.0,INJETOR SEGURO,INYECTOR SEGURO
Ads 6 FEP,64.333,66.666,"que sabe mostrar pro / seu paciente como falar,","que sabe mostrarle a su paciente cómo hablar,"
Ads 6 FEP,65.667,66.666,COMOFALAR,CÓMO HABLAR
Ads 6 FEP,66.667,68.0,COMO SE COMPORTAR,CÓMO COMPORTARSE
Ads 6 FEP,66.667,68.0,"como se comportar,","cómo comportarse,"
Ads 6 FEP,68.333,69.666,COMOEXECUTAR,CÓMO EJECUTAR
Ads 6 FEP,68.333,70.666,como executar / e entregar resultado.,cómo ejecutar y lograr resultados.
Ads 6 FEP,69.667,71.0,ENTREGAR RESULTADO,LOGRAR RESULTADOS
Ads 6 FEP,70.667,73.0,Entao se voce quer ser / um injetor de elite,"Entonces, si quieres ser un inyector de élite,"
Ads 6 FEP,72.0,73.333,INJETORDE ELITE,INYECTOR DE ÉLITE
Ads 6 FEP,73.333,74.0,vem pra FEP.,ven a la FEP.
Ads 6 FEP,74.0,75.666,Toque em 'Saiba Mais' / que eu te vejo la!,Toca en «Más información» ¡y nos vemos allá!
Ads 6 FEP,74.333,75.666,SAIBA MAIS,MÁS INFORMACIÓN
Ads 6 FEP,77.0,79.666,Toque em SAIBA MAiS,Toca en MÁS INFORMACIÓN
Ads 7 FEP,0.0,3.666,Como ser um injetor que transmite / seguranca pro seu paciente.,Cómo ser un inyector que transmite seguridad a tu paciente.
Ads 7 FEP,1.667,3.666,SEGURANCA AO PACIENTE,SEGURIDAD AL PACIENTE
Ads 7 FEP,3.667,6.0,"A seguranca que o seu / paciente,sente de voce",La seguridad que tu paciente siente en ti
Ads 7 FEP,6.333,8.333,vem do dominio / que vocé tem sobre o,viene del dominio que tienes sobre lo
Ads 7 FEP,8.333,9.333,que vocé ta fazendo.,que estás haciendo.
Ads 7 FEP,9.667,12.666,"Saber escolher o melhor / material pra cada um das regioes,","Saber elegir el mejor material para cada una de las regiones,"
Ads 7 FEP,10.333,12.666,MELHORPRODUTO,MEJOR PRODUCTO
Ads 7 FEP,13.0,14.333,DIAGNOSTICAR E TRATAR,DIAGNOSTICAR Y TRATAR
Ads 7 FEP,13.0,15.333,diagnosticar e tratar / as principais intercoencias,diagnosticar y tratar las principales complicaciones
Ads 7 FEP,14.333,15.666,INTERCORRENCIAS,COMPLICACIONES
Ads 7 FEP,15.667,17.333,vai te trazer muito mais dominio,te va a dar mucho más dominio
Ads 7 FEP,17.0,18.0,DOMINIO,DOMINIO
Ads 7 FEP,17.667,20.0,e seguranca na hora / de se comunicar com ele.,y seguridad al comunicarte con él.
Ads 7 FEP,18.667,20.0,COMUNICAR,COMUNICAR
Ads 7 FEP,20.0,21.333,Quando voce traz clareza,"Cuando das claridad,"
Ads 7 FEP,21.667,24.666,vocée consegue alem / de trazer a seguranca,"logras, además de transmitir seguridad,"
Ads 7 FEP,40.0,42.0,Essa é uma grande / oportunidade pra voceé,Esta es una gran oportunidad para ti
Ads 7 FEP,40.667,42.666,OPORTUNIDADE,OPORTUNIDAD
Ads 7 FEP,42.0,43.333,"que quer se,tornar / um injetor de elite.",que quieres convertirte en un inyector de élite.
Ads 7 FEP,42.667,43.333,INJETOR DEELITE,INYECTOR DE ÉLITE
Ads 7 FEP,43.667,45.333,SAIBA MAIS,MÁS INFORMACIÓN
Ads 7 FEP,43.667,44.666,Toque em 'Saiba Mais',Toca en «Más información»
Ads 7 FEP,44.667,45.666,que eu te vejo na FEP.,y nos vemos en la FEP.
Ads 7 FEP,47.0,47.333,Toqul,Toca
Ads 7 FEP,47.333,49.666,Toque em SAIBA MAIS,Toca en MÁS INFORMACIÓN
Ads 8 FEP,0.333,2.666,As tecnicas mais seguras / no preenchimento.,Las técnicas más seguras en el relleno.
Ads 8 FEP,3.0,4.666,As téecnicas de seguranca,Las técnicas de seguridad
Ads 8 FEP,4.667,7.333,foram desenvolvidas / com o intuito de trazer,fueron desarrolladas con el objetivo de dar
Ads 8 FEP,7.667,8.666,previsibilidade.,previsibilidad.
Ads 8 FEP,8.667,10.0,"O conhecimento anatomico,","El conocimiento anatómico,"
Ads 8 FEP,10.0,12.0,"conhecimento do dispositivo,","el conocimiento del dispositivo,"
Ads 8 FEP,12.0,14.0,a escolha da camada correta,la elección de la capa correcta
Ads 8 FEP,14.333,16.0,sao os parametros que vocé precisa,son los parámetros que necesitas
Ads 8 FEP,16.333,17.666,pra sentir essa clareza.,para sentir esa claridad.
Ads 8 FEP,17.667,19.666,"Na Formacao Especialista / em Preenchimento,","En la Formación Especialista en Relleno,"
Ads 8 FEP,19.667,20.666,"no meu curso online,","mi curso online,"
Ads 8 FEP,20.667,22.333,onde eu faco um treinamento,donde hago un entrenamiento
Ads 8 FEP,22.667,25.0,extensivo com mais de 160 aulas,"extenso con más de 160 clases,"
Ads 8 FEP,25.333,27.333,eu mostro pra vocées / todo esse passo a passo.,les muestro todo ese paso a paso.
Ads 8 FEP,27.667,29.333,Como escolher a camada certa?,¿Cómo elegir la capa correcta?
Ads 8 FEP,29.333,30.666,A tecnica certa?,¿La técnica correcta?
Ads 8 FEP,30.667,33.0,"Entendendo os parametros / de anatomia,","Entendiendo los parámetros de anatomía,"
Ads 8 FEP,33.0,34.333,"escolha de dispositivo,","elección de dispositivo,"
Ads 8 FEP,34.667,37.333,dessa forma voce vai se tornar / um Injetor de Alto Valor,de esta forma te convertirás en un Inyector de Alto Valor
Ads 8 FEP,37.333,39.333,e vai crescer na harmonizacao facial.,y vas a crecer en la armonización facial.
Ads 8 FEP,40.667,41.0,Toql,Toca
Ads 8 FEP,41.0,43.333,Toque em SAIBA MAiS,Toca en MÁS INFORMACIÓN
Ads 9 FEP,0.0,2.666,O que fazer para os pacientes / escolherem vocée,Qué hacer para que los pacientes te elijan
Ads 9 FEP,2.667,3.666,para fazer preenchimento.,para hacerse un relleno.
Ads 9 FEP,4.333,5.666,Pra vocé ser o escolhido,"Para ser el elegido,"
Ads 9 FEP,5.667,7.0,"voce precisa,ser autoridade.",necesitas ser autoridad.
Ads 9 FEP,6.333,7.666,AUTORIDADE,AUTORIDAD
Ads 9 FEP,7.333,9.666,"A autoridade so vem / com conhecimento,","La autoridad solo viene con conocimiento,"
Ads 9 FEP,8.667,9.666,CONHECIMENTO,CONOCIMIENTO
Ads 9 FEP,10.0,11.666,com fluidez de comunicacao,"con fluidez de comunicación,"
Ads 9 FEP,11.667,13.333,onde vocésabe de fato,donde sabes de verdad
Ads 9 FEP,13.333,15.666,o que vocé quer e / como voce vai fazer.,lo que quieres y cómo lo vas a hacer.
Ads 9 FEP,15.667,16.666,Essa clareza,Esa claridad
Ads 9 FEP,16.667,19.0,vai fazer com que o seu / paciente se sinta seguro,hará que tu paciente se sienta seguro
Ads 9 FEP,18.333,19.333,SEGURO,SEGURO
Ads 9 FEP,19.0,22.0,e realmente'com vontade de / ser tratado por voce.,y con ganas de verdad de ser tratado por ti.
Ads 9 FEP,21.0,22.0,TRATADOPORVOCE,TRATADO POR TI
Ads 9 FEP,22.0,24.666,"A FEP, a Formacao Especialista / em Preenchimento","La FEP, la Formación Especialista en Relleno,"
Ads 9 FEP,25.0,27.0,é onde voce vai conseguir se aprofundar,es donde vas a lograr profundizar
Ads 9 FEP,27.0,28.333,nas principais tecnicas,en las principales técnicas
Ads 9 FEP,27.667,28.333,PRINCIPAISTECNICAS,PRINCIPALES TÉCNICAS
Ads 9 FEP,28.333,29.666,que entregam'muito resultado,que dan mucho resultado
Ads 9 FEP,29.0,30.0,MUITORESULTADO,MUCHO RESULTADO
Ads 9 FEP,30.0,31.333,usando pouco material.,usando poco material.
Ads 9 FEP,30.333,31.333,POUCO MATERIAL,POCO MATERIAL
Ads 9 FEP,31.667,35.333,"Ali vocé vai ter um dominio / aprofundado de reologia dos materiais,","Ahí vas a tener un dominio profundo de la reología de los materiales,"
Ads 9 FEP,34.333,35.333,REOLOGIA,REOLOGÍA
Ads 9 FEP,35.333,36.333,ANATOMIA,ANATOMÍA
Ads 9 FEP,35.333,36.0,"anatomia,","anatomía,"
Ads 9 FEP,36.0,37.333,"fisiologia do envelhecimento,","fisiología del envejecimiento,"
Ads 9 FEP,36.333,37.0,FISIOLOGIADO ENVELHECIMENTD,FISIOLOGÍA DEL ENVEJECIMIENTO
Ads 9 FEP,37.333,37.666,FISIOLOGIA DO ENVELHECIMENTO,FISIOLOGÍA DEL ENVEJECIMIENTO
Ads 9 FEP,37.667,39.666,com mais de 160 aulas gravadas,con más de 160 clases grabadas
Ads 9 FEP,38.0,39.666,￥16DAULAS,+160 CLASES
Ads 9 FEP,39.667,42.333,pra que voce possa se / aprofundar nesse assunto.,para que puedas profundizar en este tema.
Ads 9 FEP,42.333,44.333,Se voce quer se tornar / um Injetor de Elite,"Si quieres convertirte en un Inyector de Élite,"
Ads 9 FEP,43.0,44.333,INJETOR DEELITE,INYECTOR DE ÉLITE
Ads 9 FEP,44.333,45.333,toque em 'Saiba Mais'!,¡toca en «Más información»!
Ads 9 FEP,47.0,49.333,Toque em SAIBA MAiS,Toca en MÁS INFORMACIÓN
Ads 10 FEP,0.333,2.666,Como parar de errar no seu / preenchimento de olheiras.,Cómo dejar de equivocarte en tu relleno de ojeras.
Ads 10 FEP,3.0,5.0,"A olheira é uma regiao muito delicada,","La ojera es una región muy delicada,"
Ads 10 FEP,5.0,6.0,de pele fina,"de piel fina,"
Ads 10 FEP,6.333,7.666,que precisa de um conhecimento,que requiere conocimiento
Ads 10 FEP,7.667,9.333,"nao so da reologia do material,","no solo de la reología del material,"
Ads 10 FEP,9.667,10.333,da anatomia,de la anatomía
Ads 10 FEP,10.333,11.666,e da fisiologia do envelhecimento,y de la fisiología del envejecimiento
Ads 10 FEP,12.333,15.0,"pra que vocé entenda de / fato aonde colocar o produto,","para que entiendas de verdad dónde colocar el producto,"
Ads 10 FEP,15.333,16.0,"qual produto escolher,","qué producto elegir,"
Ads 10 FEP,16.333,17.666,qual o melhor dispositivo?,cuál es el mejor dispositivo.
Ads 10 FEP,18.0,21.333,A uniao dessasinformacoes / estao todas na FEP.,Toda esa información reunida está en la FEP.
Ads 10 FEP,21.333,24.333,Hoje os meus alunos da Formacao / Especialista em.Preenchimento,Hoy mis alumnos de la Formación Especialista en Relleno
Ads 10 FEP,24.333,26.0,estao fazendo esses casos de / preenchimento,están haciendo casos de relleno como estos
Ads 10 FEP,33.0,34.333,"reologia dos materiais,","reología de los materiales,"
Ads 10 FEP,34.667,37.666,avaliando e aprendendo / p0r mais de 160 aulas,"evaluando y aprendiendo en más de 160 clases,"
Ads 10 FEP,38.0,38.666,eles se sentiram,se sintieron
Ads 10 FEP,39.0,41.0,hoje seguros de fazer / preenchimento full face.,hoy seguros para hacer relleno full face.
Ads 10 FEP,41.333,42.0,Entao se vocé,"Entonces, si tú"
Ads 10 FEP,42.0,44.666,"tambem tem esse sonho de / se tornar um grande injetor,","también tienes el sueño de convertirte en un gran inyector,"
Ads 10 FEP,44.667,46.333,um destaqjue na tua regiao,"un referente en tu región,"
Ads 10 FEP,46.333,49.0,essa é tua oportunidade / de fazer parte da FEP!,¡esta es tu oportunidad de ser parte de la FEP!
Ads 10 FEP,49.0,51.0,Se vocé quer se tornar / um Injetor de Elite,"Si quieres convertirte en un Inyector de Élite,"
Ads 10 FEP,51.333,52.333,toque em 'Saiba Mais'!,¡toca en «Más información»!
Ads 10 FEP,54.0,56.666,Toque em SAIBA MAiS,Toca en MÁS INFORMACIÓN
Ads 11 FEP,9.0,11.666,Toque em SAIBA MAiS,Toca en MÁS INFORMACIÓN
Ads 12 FEP,0.0,57.0,Vamos contar a historia da / @debiboeira que ja é paciente / ha mais de um ano,"Vamos a contar la historia de @debiboeira, que ya es paciente hace más de un año"
Ads 12 FEP,0.333,2.0,Dia do retorno da Debi.,Día del control de Debi.
Ads 12 FEP,2.333,4.333,"A gente tava conversando / um pouquinho, Debi,","Estábamos conversando un poquito, Debi,"
Ads 12 FEP,4.333,5.333,"sobre os seus procedimentos,","sobre tus procedimientos,"
Ads 12 FEP,5.667,8.666,"um pouquinho da sua historia / com os preenchedores,","un poco de tu historia con los rellenos,"
Ads 12 FEP,8.667,11.0,voce falou que fazia antes / preenchimento em algumas regioes...,dijiste que antes te hacías relleno en algunas regiones...
Ads 12 FEP,11.0,14.0,"Acho que ja faz mais ou menos / um ano que tu me cuida, ne?","Creo que ya hace más o menos un año que me atiendes, ¿no?"
Ads 12 FEP,14.667,19.0,"e eu tava conversando / com o doutor Joao,","y yo estaba conversando con el doctor João,"
Ads 12 FEP,19.0,22.333,que eu tinha muito problema,que tenía muchos problemas
Ads 12 FEP,22.333,25.0,"com os dermatos e os / profissionais que eu passava,","con los dermatólogos y los profesionales a los que iba,"
Ads 12 FEP,25.0,27.666,"porque eu gosto de boca volumosa,","porque me gusta la boca voluminosa,"
Ads 12 FEP,28.0,29.666,mas todos eles faziam de uma forma,pero todos lo hacían de una forma
Ads 12 FEP,29.667,31.333,que eu ficava com boca de pato.,que me quedaba boca de pato.
Ads 12 FEP,32.0,33.333,Que me dava impressao / que eles colocavam,Me daba la impresión de que ponían
Ads 12 FEP,33.667,35.666,"alguma coisa nessa regiao aqui, nao sei..","algo en esta región de aquí, no sé..."
Ads 12 FEP,35.667,38.333,Dava um relevo e ficava tipo assim.,Quedaba un relieve y quedaba así.
Ads 12 FEP,38.333,40.333,"Eu saia do consultorio, sabe...","Salía del consultorio, ¿sabes?..."
Ads 12 FEP,41.0,42.333,"Serio, com boca de pato.","En serio, con boca de pato."
Ads 12 FEP,43.0,47.333,"E assim, hoje a minha boca tem volume,","Y así, hoy mi boca tiene volumen,"
Ads 12 FEP,48.0,51.0,mas as pessoas me olham e / nao parece que ta preenchido.,pero la gente me mira y no parece que esté rellena.
Ads 12 FEP,51.0,53.666,"Eu ja fui chamada pelo / meu irmao de boca de pato,","Mi hermano ya me llamó boca de pato,"
Ads 12 FEP,53.667,56.666,porque eu saia realmente do / consultorio com boca de pato.,porque realmente salía del consultorio con boca de pato.
Ads 12 FEP,56.667,60.333,E aquilo me dava... Eu ficava mal.,Y eso me hacía... Me sentía mal.
Ads 12 FEP,57.0,84.333,Naturalidade e elegancia sao o / foco dos tratamentos / Nao é pra parecer que fez algo,La naturalidad y la elegancia son el foco de los tratamientos / No se trata de parecer que te hiciste algo
Ads 12 FEP,60.667,63.666,E muito chato porque eu trabalho,Es muy molesto porque trabajo
Ads 12 FEP,63.667,66.0,"com a minha imagem, eu sou modelo.","con mi imagen, soy modelo."
Ads 12 FEP,66.0,68.0,"Entao, gragas a Deus o doutor / Joao entrou na minha vida!","¡Entonces, gracias a Dios, el doctor João llegó a mi vida!"
Ads 12 FEP,69.0,84.333,Técnicas seguras e / replicaveis da FEP,Técnicas seguras y replicables de la FEP
Ads 12 FEP,85.667,86.0,Toqul,Toca
Ads 12 FEP,86.0,88.333,Toque em SAIBA MAIS,Toca en MÁS INFORMACIÓN
Ads 13 FEP,0.0,33.0,Faca uma pergunta,Haz una pregunta
Ads 13 FEP,0.0,33.0,Gostaria de saber qual o produto / que se usa para gastar menos / material?,Me gustaría saber qué producto se usa para gastar menos material
Ads 13 FEP,4.333,6.333,O produto que se usa pra / gastar menos material,El producto que se usa para gastar menos material
Ads 13 FEP,6.333,7.333,"é o seu intelecto,","es tu intelecto,"
Ads 13 FEP,7.333,8.333,é o conhecimento.,es el conocimiento.
Ads 13 FEP,8.667,10.333,Quando voce tiver conhecimento,"Cuando tengas conocimiento,"
Ads 13 FEP,10.333,12.666,"voce vai saber colocar no lugar certo,","sabrás colocarlo en el lugar correcto,"
Ads 13 FEP,13.0,14.0,"com a quantidade certa,","en la cantidad correcta,"
Ads 13 FEP,14.0,15.666,ai voce vai entender a metodologia.,y ahí entenderás la metodología.
Ads 13 FEP,15.667,17.333,A metodologia da FEP é essa.,La metodología de la FEP es esta.
Ads 13 FEP,18.0,21.333,"Metodologia de realmente / saber a anatomia,","Una metodología para conocer de verdad la anatomía,"
Ads 13 FEP,21.333,22.666,"fisiologia do envelhecimento,","la fisiología del envejecimiento,"
Ads 13 FEP,22.667,23.333,"as regioes,","las regiones,"
Ads 13 FEP,23.667,26.0,e dessa forma voce vai ser efetivo.,y de esa forma serás efectivo.
Ads 13 FEP,26.333,30.666,"Entao nao existe um produto que / entrega mais resultado com menos,","Entonces, no existe un producto que dé más resultado con menos,"
Ads 13 FEP,31.0,33.0,"mas sim uma tecnica, um raciocinio.","sino una técnica, un razonamiento."
Ads 13 FEP,34.333,37.0,Toque em SAIBA MAiS,Toca en MÁS INFORMACIÓN
Ads 14 FEP,3.667,5.0,"Ola, meu nome é Katia Farias","Hola, mi nombre es Kátia Farias"
Ads 14 FEP,5.667,6.666,"Ola meu nome é Wanessa,","Hola, mi nombre es Wanessa,"
Ads 14 FEP,7.333,9.0,ola eu sou Adriana Viduedo53,"Hola, soy Adriana Viduedo"
Ads 14 FEP,11.333,14.333,NAN ME SENTIA SEGURA,NO ME SENTÍA SEGURA
Ads 14 FEP,17.667,20.666,REALIZO TODOS PROCEDIMENTOS,REALIZO TODOS LOS PROCEDIMIENTOS
Ads 14 FEP,24.0,26.666,ALCANCAR MAIS PACIENTES,ALCANZAR MÁS PACIENTES
Ads 14 FEP,46.333,47.666,eu nao tinha muita seguranca,no tenía mucha seguridad
Ads 14 FEP,47.667,50.0,apesar de tantos cursos / que eu ja tinha feito,"a pesar de tantos cursos que ya había hecho,"
Ads 14 FEP,50.333,52.666,eu tinha muito medo de / trabalharcompreenchimento,tenía mucho miedo de trabajar con relleno
Ads 14 FEP,53.0,56.666,eo cursodo doutorJoao / realmentevirou uma chave,y el curso del doctor João realmente me hizo clic
Ads 14 FEP,56.667,57.666,na minha vida,en mi vida.
Ads 14 FEP,58.0,60.666,entao eu sempre tive alguns / problemas em consultorio,Siempre tuve algunos problemas en el consultorio
Ads 14 FEP,60.667,61.666,com outros preenchedores,"con otros rellenos,"
Ads 14 FEP,61.667,64.333,por exemplo nodulacoes em labios e,"por ejemplo, nodulaciones en labios y"
Ads 14 FEP,65.333,66.666,em preenchimento de olheira,"en relleno de ojeras,"
Ads 14 FEP,67.0,68.333,alguns preenchimentos superficiais,"algunos rellenos superficiales,"
Ads 14 FEP,68.667,70.0,mesmo usando a tecnica certa,incluso usando la técnica correcta.
Ads 14 FEP,70.0,72.0,nao entendia porque que / aconteciam aguelas,No entendía por qué ocurrían esas
Ads 14 FEP,72.0,73.0,intercorrencias,complicaciones.
Ads 14 FEP,73.667,75.0,realizei tres pertuitos,Realicé tres puntos de entrada
Ads 14 FEP,75.0,76.666,para uma abordagem / tridimensional,para un abordaje tridimensional
Ads 14 FEP,76.667,78.0,preconizada pelo / Dr. Pithon,"preconizado por el Dr. Pithon,"
Ads 14 FEP,82.333,84.666,e em seguida passei para a / para a / regiao do sulco nasolabial,"y luego pasé a la región del surco nasolabial,"
Ads 14 FEP,85.333,87.333,hidratacao e / causando uma / preenchimento da regiao,logrando hidratación y relleno de la región.
Ads 14 FEP,88.667,89.333,em seguida,"Luego,"
Ads 14 FEP,89.333,90.666,entao ta me ajudando a crescer,"entonces me está ayudando a crecer,"
Ads 14 FEP,90.667,92.333,alavancarcada vez mais,"a impulsarme cada vez más,"
Ads 14 FEP,92.667,94.666,me ajudando a deixar meus / clientes cada,me está ayudando a dejar a mis clientes cada
Ads 14 FEP,94.667,95.666,vezmais satisfeitos,"vez más satisfechos,"
Ads 14 FEP,96.0,99.666,e sempre com aguele intuito de / embelezarsemmudar,y siempre con ese propósito de embellecer sin cambiar.
Ads 14 FEP,107.333,109.666,SEGURANCA NOS PROCEDIMENTOS,SEGURIDAD EN LOS PROCEDIMIENTOS
Ads 14 FEP,110.0,125.333,Resultados dos alunos:,Resultados de los alumnos:
Ads 14 FEP,143.667,146.0,+RS10.000 DE LUCR0,+R$10.000 DE GANANCIA
Ads 14 FEP,149.0,149.333,Toql,Toca
Ads 14 FEP,149.333,151.666,Toque em SAIBA MAiS,Toca en MÁS INFORMACIÓN
Ads 15 FEP,0,44.33,Em breve na FEP,Próximamente en la FEP
Ads 15 FEP,0,44.33,- Analise de textura e reologia de todos os / preenchedores a base de acido hialuronico,- Análisis de textura y reología de todos los / rellenos a base de ácido hialurónico
Ads 15 FEP,0,44.33,- Como cada produto responde com / hialuronidase,- Cómo responde cada producto / a la hialuronidasa
Ads 15 FEP,0,2.0,Conteudo inedito!,¡Contenido inédito!
Ads 15 FEP,2.33,6.0,Eu nunca vi todos esses produtos / reunidos.,Nunca había visto todos estos productos reunidos.
Ads 15 FEP,6.67,9.33,"Fiz um estudo especifico pros alunos da / FEP,","Hice un estudio específico para los alumnos de la FEP,"
Ads 15 FEP,9.33,12.67,pra gente entender mais sobre / o gel de acido hialuronico.,para entender mejor el gel de ácido hialurónico.
Ads 15 FEP,13.33,14.67,"Aqui nos temos os estruturadores,","Aquí tenemos los estructuradores,"
Ads 15 FEP,14.67,15.67,"os volunizadores,","los voluminizadores,"
Ads 15 FEP,15.67,16.67,os com alto G.,los de alto G'.
Ads 15 FEP,17.33,19.33,"Aqui nos temos os intermediarios,","Aquí tenemos los intermedios,"
Ads 15 FEP,19.67,20.33,"e a minha visao,",y mi visión:
Ads 15 FEP,20.33,22.33,intermediarios com menos resultado.,intermedios con menos resultado.
Ads 15 FEP,22.67,23.67,"Mais produto, menos resultado,","Más producto, menos resultado,"
Ads 15 FEP,24.33,27.67,entao nao e o produto que eu gosto de / usar na minha pratica clinica.,entonces no es el producto que me gusta usar en mi práctica clínica.
Ads 15 FEP,28.33,29.33,"E aqui os produtos para labios,","Y aquí, los productos para labios,"
Ads 15 FEP,30.0,31.0,"alguns que eu gosto,","algunos que me gustan,"
Ads 15 FEP,31.33,32.0,"outros que nao,","otros que no,"
Ads 15 FEP,32.33,34.0,mas a ideia e que a gente entenda,pero la idea es que entendamos
Ads 15 FEP,34.0,36.0,e saiba escolher o melhor produto,y sepamos elegir el mejor producto
Ads 15 FEP,36.0,37.33,pra cada um das regioes.,para cada una de las regiones.
Ads 15 FEP,37.67,40.33,Depois disso eu vou fazer um estudo / com hialurunidase.,"Después de eso, voy a hacer un estudio con hialuronidasa."
Ads 15 FEP,41.33,42.33,Vou pingar hialuridases nesses materiais,Voy a gotear hialuronidasa en estos materiales
Ads 15 FEP,42.67,43.67,e ver como eles respondem.,y ver cómo responden.
Ads 15 FEP,45.667,48.333,Toque em SAIBA MAiS,Toca en MÁS INFORMACIÓN
Ads 16 FEP,0.0,44.666,Consultoria gratis,Consultoría gratis
Ads 16 FEP,0.0,44.666,Ja usou os preenchedores / UP faciais?,¿Ya usaste los rellenos UP faciales?
Ads 16 FEP,0.0,44.666,"Sim, tem estudo","Sí, hay un estudio"
Ads 16 FEP,0.0,44.67,completona FEP,completo en la FEP
Ads 16 FEP,0.0,1.0,Mais uma aula,Una clase más
Ads 16 FEP,1.0,5.0,aula agora de reologia com / Up Contou da Ilikia,una clase ahora de reología con Up Contour de Ilikia
Ads 16 FEP,3.667,5.666,PREENCHEDOR / Up Contour,RELLENO / Up Contour
Ads 16 FEP,10.0,12.333,uma olhada aqui na caracteristica do gel,un vistazo aquí a la característica del gel
Ads 16 FEP,16.0,18.666,é um produto estruturador mais elastico,es un producto estructurador más elástico
Ads 16 FEP,19.333,19.666,e eu,y yo
Ads 16 FEP,19.667,22.666,vou chamar agora a Camila para / acompanhar com a gente,voy a llamar ahora a Camila para que nos acompañe
Ads 16 FEP,24.0,24.666,a gente percebe,vemos
Ads 16 FEP,24.667,26.666,que ele tem uma resistencia / de se fragmentar,que tiene resistencia a fragmentarse
Ads 16 FEP,27.0,28.333,isso é G',esto es G'
Ads 16 FEP,28.333,31.0,essa é a forca que / eu to imprimindo aqui,esta es la fuerza que estoy aplicando aquí
Ads 16 FEP,31.0,33.666,e que ele resiste e ele nao se deforma,"y resiste, no se deforma"
Ads 16 FEP,34.0,35.333,a partir de uma forca,a partir de una fuerza
Ads 16 FEP,35.333,37.666,e o biogelis volume que ele tem,"y el Biogelis Volume, que tiene"
Ads 16 FEP,37.667,39.0,esses produtos aqui,estos productos de aquí
Ads 16 FEP,39.0,41.0,seriam os meus materiais / de teste na olheira,serían mis materiales de prueba en la ojera
Ads 16 FEP,41.333,43.666,se eles tiverem uma baixa concentracao,si tienen una baja concentración
Ads 16 FEP,44.0,44.666,de acido hialuronico,de ácido hialurónico
Ads 16 FEP,46.0,46.333,Toqul,Toca
Ads 16 FEP,46.333,48.666,Toque em SAIBA MAIS,Toca en MÁS INFORMACIÓN
Ads 17 FEP,0.0,19.0,Técnicas seguras e / replicaveis da FEP,Técnicas seguras y replicables de la FEP
Ads 17 FEP,0.333,2.666,Agora foca nesse preenchimento labial!,¡Ahora fíjate en este relleno de labios!
Ads 17 FEP,6.0,7.0,Menos de um mes.,Menos de un mes.
Ads 17 FEP,9.333,10.333,"Sem palavras, gente.","Sin palabras, gente."
Ads 17 FEP,10.333,11.333,"Muito, muito, muito natural.","Muy, muy, muy natural."
Ads 17 FEP,11.667,15.0,"Sb faco o dr. Joao, porque justamente é / muito natural.","Solo me atiendo con el Dr. João, justamente porque es muy natural."
Ads 17 FEP,15.0,16.666,"Muito, muito, muito, muito.","Muy, muy, muy, muy."
Ads 17 FEP,16.667,18.0,Eu to apaixonada.,Estoy enamorada.
Ads 17 FEP,18.0,19.0,E super hidratado.,Y súper hidratado.
Ads 17 FEP,20.333,23.0,Toque em SAIBA MAiS,Toca en MÁS INFORMACIÓN
Ads 18 FEP,0.0,43.0,Técnicas seguras e / replicaveis da FEP,Técnicas seguras y replicables de la FEP
Ads 18 FEP,0.667,2.666,Passando pra exaltar,Paso para destacar
Ads 18 FEP,2.667,4.333,o trabalho do dr. Pithon.,el trabajo del Dr. Pithon.
Ads 18 FEP,4.333,6.0,"Doctor, ai te amo, sério!","Doctor, ¡te amo, en serio!"
Ads 18 FEP,6.333,7.333,Nao sei se voces lembram,No sé si recuerdan
Ads 18 FEP,7.333,8.333,"que em dezembro eu fui la,","que en diciembre fui allá,"
Ads 18 FEP,8.333,10.333,"fiz um full face com ele,","me hice un full face con él,"
Ads 18 FEP,10.667,12.0,"dei uma repaginada,","me renové,"
Ads 18 FEP,12.333,14.333,um upgrade no rosto inteiro.,un upgrade en todo el rostro.
Ads 18 FEP,15.0,15.666,"E eu confesso, dessa vez",Y confieso que esta vez
Ads 18 FEP,15.667,17.0,"demorou um pouquinho pra desinchar,","tardó un poquito en desinflamarse,"
Ads 18 FEP,17.333,18.666,"pra chegar no resultado que eu gosto,","en llegar al resultado que me gusta,"
Ads 18 FEP,19.0,21.666,mas agora assim ta perfeito.,pero ahora sí está perfecto.
Ads 18 FEP,22.0,23.333,"Eu fiz hoje, pela primeira vez,","Hoy hice, por primera vez,"
Ads 18 FEP,23.333,24.666,um casting caseiro.,un casting casero.
Ads 18 FEP,24.667,25.333,"Sempre acontece,","Siempre pasa,"
Ads 18 FEP,25.333,27.333,"mas hoje eu fiz pela primeira vez,","pero hoy lo hice por primera vez,"
Ads 18 FEP,27.667,29.666,eu amei demais o resultado!,¡me encantó el resultado!
Ads 18 FEP,29.667,32.0,"Ai, Doctor, voce é o melhor.","Ay, Doctor, eres el mejor."
Ads 18 FEP,32.0,32.666,Nao tem jeito.,No hay duda.
Ads 18 FEP,32.667,33.333,Olha esse rosto!,¡Mira este rostro!
Ads 18 FEP,33.333,34.666,Todo mundo fala:,Todo el mundo dice:
Ads 18 FEP,34.667,36.0,"""Nossa, como voce é jovem, ne?""","«¡Guau, qué joven eres!, ¿no?»"
Ads 18 FEP,36.0,37.0,Porque eu vou fazer 3l.,Porque voy a cumplir 31.
Ads 18 FEP,37.0,39.0,"Eu falo: ""Meu medico que é bom!""",Yo digo: «¡Es que mi médico es bueno!»
Ads 18 FEP,39.333,40.666,"E eu nao minto quando eu falo isso,","Y no miento cuando digo eso,"
Ads 18 FEP,41.0,41.666,ele é bom mesmo gente.,"él es bueno de verdad, gente."
Ads 18 FEP,41.667,43.0,Recomendo demais.,Lo recomiendo muchísimo.
Ads 18 FEP,44.333,44.666,Toqul,Toca
Ads 18 FEP,44.667,47.0,Toque em SAIBA MAIS,Toca en MÁS INFORMACIÓN
Ads 19 FEP,0.0,12.333,Apos minha live injection no,Tras mi live injection en
Ads 19 FEP,0.0,3.333,Nao nao hoje os medicos / estavam,"Hoy los médicos salieron fascinados,"
Ads 19 FEP,3.333,4.666,"Eles sairam da sala dizendo / que o DOC é um genio, ele é / um genio","salían del salón diciendo que el doc es un genio, es un genio"
Ads 19 FEP,8.333,12.333,Eles adoraram a tecnica e a / paciente que voce injetou,"La técnica les encantó, y la pacientita que inyectaste"
Ads 19 FEP,12.333,16.666,Foi ao banheiro e saiu do / banheiro chorando de emocao,fue al baño y salió del baño llorando de la emoción
Ads 19 FEP,17.0,20.333,Chorava e dizia: nao posso / acreditar na mudanca,"Lloraba, decía: no puedo creer el cambio"
Ads 19 FEP,20.333,23.333,Todo o meu rosto foi / levantado,se me levantó toda la cara
Ads 19 FEP,23.667,25.666,Fiquei chocado te parabenizo,"Estaba impactada, te felicito"
Ads 19 FEP,26.0,28.0,Muito obrigado parabéns,"Muchas gracias, fue muy buena"
Ads 19 FEP,28.0,76.0,vejam o feedback / da paciente m,miren el feedback de la paciente
Ads 19 FEP,28.0,30.333,Eu tenho que admitir que apos / o procedimento,Tengo que admitir que después del procedimiento
Ads 19 FEP,30.333,31.666,Quando mevi no espelho / chorei um pouco,cuando me vi en el espejo lloré un poquito
Ads 19 FEP,31.667,33.0,Ah obrigado,"Ah, gracias"
Ads 19 FEP,34.667,36.333,Obrigada sim me emocionei,"Gracias, sí, me emocioné"
Ads 19 FEP,36.667,40.0,"Eu estava muito animado, / especialmente com esta area / e a area de contorno.","Me emocioné mucho, sobre todo por esta área y el contorno."
Ads 19 FEP,40.333,44.0,Nao imaginei que a mudanga / seria tanto.,"O sea, no me imaginé que el cambio iba a ser tanto."
Ads 19 FEP,44.333,46.333,Mas ao mesmo tempo ainda / sou eu,Pero a la vez sigo siendo yo
Ads 19 FEP,46.333,49.666,"Quero dizer, nao ha / transformacao do meu rosto / ou do meu","o sea, no es que haya una transformación de mi rostro"
Ads 19 FEP,49.667,52.666,E isso vai te ajudar a / envelhecer muito bem,Y eso te va a ayudar a envejecer muy bien
Ads 19 FEP,52.667,53.333,Mas quando,Pero cuando
Ads 19 FEP,53.667,55.666,Quando me vi nunca imaginei / que a mudanca seria,"cuando me vi, no me imaginé que el cambio iba a ser"
Ads 19 FEP,56.667,58.0,Tao cedo e tao visivel,tan pronto y tan visible
Ads 19 FEP,58.0,59.333,Entao muito obrigado,Así que muchísimas gracias
Ads 19 FEP,59.333,62.0,"Sim, e pode continuar a ser / melhorado","Sí, y se puede seguir mejorando"
Ads 19 FEP,62.0,65.0,Esta é a magia do acido hialur / onico,Esta es la magia del ácido hialurónico
Ads 19 FEP,65.0,69.0,E dermatologia estetica é o / que fazemos com muito amor.,y la dermatología estética es lo que hacemos con mucho amor.
Ads 19 FEP,69.0,72.0,E estou muito feliz que foi meu / paciente,Y estoy muy contento de que fuera mi paciente
Ads 19 FEP,73.0,76.0,Foi perfeito muito obrigado / muito obrigado,"Fue perfecto, muchas gracias, muchas gracias"
Ads 19 FEP,76.0,77.666,comeca nessa / segunda-feira,Empieza este lunes
Ads 19 FEP,77.667,80.0,"O nosso Protocolo de / Seguranga no Preenchimento,","nuestro Protocolo de Seguridad en el Relleno,"
Ads 19 FEP,80.0,81.666,"o meu protocolo de quatro aulas,","mi protocolo de cuatro clases,"
Ads 19 FEP,81.667,83.0,onde eu vou te mostrar,donde te voy a mostrar
Ads 19 FEP,83.0,85.333,"manejo de complicacoes tecnicas,","manejo de complicaciones técnicas,"
Ads 19 FEP,85.333,86.666,"reologia dos materiais,","reología de los materiales,"
Ads 19 FEP,86.667,88.666,como escolher o melhor / produto pra cada regiao.,cómo elegir el mejor producto para cada región.
Ads 19 FEP,89.0,91.666,"Comeca nessa segunda-feira, / ao vivo no YouTube.","Empieza este lunes, en vivo en YouTube."
Ads 19 FEP,92.0,94.666,"Toca em Saiba Mais, ativa o / lembrete que eu te vejo la!","Toca en «Más información», activa el recordatorio ¡y nos vemos allá!"
Ads 19 FEP,96.0,98.666,Toque em SAIBA MAiS,Toca en MÁS INFORMACIÓN
Ads 20 FEP,0.0,1.666,Eu escolhi fazer a FEP,Elegí hacer la FEP
Ads 20 FEP,1.667,3.333,e foi o divisor de / aguas da minha vida,"y fue un antes y un después en mi vida,"
Ads 20 FEP,3.333,5.333,porque eu pude aprender a / fundo sobre reologia,porque pude aprender a fondo sobre la reología
Ads 20 FEP,5.667,6.333,do acido hialuronico.,del ácido hialurónico.
Ads 20 FEP,6.667,7.666,Isso pra mim é muito importante,"Eso para mí es muy importante,"
Ads 20 FEP,7.667,9.333,porque eu parei de comprar / pela marca do produto,porque dejé de comprar por la marca del producto
Ads 20 FEP,9.333,11.0,e sim pelo que o produto / entrega de resultado,y empecé a comprar por el resultado que entrega
Ads 20 FEP,11.333,12.0,"e o que tem la dentro,","y por lo que tiene adentro,"
Ads 20 FEP,12.0,13.666,o seu g prime ou sua coesividade.,su G prima o su cohesividad.
Ads 20 FEP,13.667,15.666,me explicou muito,me lo explicó muy
Ads 20 FEP,14.0,14.333,Tudo isso o doutor Joao Pithon,Todo eso el doctor João Pithon
Ads 20 FEP,14.667,15.666,Tudo isso o doutor Joao Pithon,Todo eso el doctor João Pithon
Ads 20 FEP,15.667,16.0,bem na FEP,"bien en la FEP,"
Ads 20 FEP,16.0,17.333,e hoje eu saio capacitada,y hoy salgo capacitada
Ads 20 FEP,17.667,18.333,pra realizar os full face,para realizar full face
Ads 20 FEP,18.333,19.666,com uma quantidade menor de ml,con una menor cantidad de ml
Ads 20 FEP,20.333,21.333,e entregar um resultado,y entregar un resultado
Ads 20 FEP,21.333,22.666,com naturalidade e com qualidade,"con naturalidad y con calidad,"
Ads 20 FEP,23.0,23.666,que é o que eu priorizo tambem.,que es lo que también priorizo.
Ads 20 FEP,25.0,27.666,Toque em SAIBA MAiS,Toca en MÁS INFORMACIÓN
Ads 21 FEP,0.0,1.333,"Sao superficiais, ta?","Son superficiales, ¿ok?"
Ads 21 FEP,1.333,4.333,"Eles eles sao intermediarios,","Ellos, ellos son intermedios,"
Ads 21 FEP,4.333,6.333,e se superficializam ainda mais aqui.,y se superficializan aún más aquí.
Ads 21 FEP,6.667,8.0,Tem uma transicao aqui,Hay una transición aquí
Ads 21 FEP,8.0,9.666,que faz com que ele realmente,que hace que realmente
Ads 21 FEP,10.0,11.0,"vai em uma camada media,","vaya a una capa media,"
Ads 21 FEP,11.0,13.0,e ele superficializa ainda mais aqui.,y se superficializa aún más aquí.
Ads 21 FEP,13.333,14.666,Mas essa regiao aqui,Pero esta región de aquí
Ads 21 FEP,15.0,16.666,é um pouco mais profunda.,es un poco más profunda.
Ads 21 FEP,18.333,21.0,Toque em SAIBA MAiS,Toca en MÁS INFORMACIÓN
Ads 22 FEP,0.0,3.333,novos casos de,nuevos casos de
Ads 22 FEP,0.0,3.333,disseccoes anatomicas,disecciones anatómicas
Ads 22 FEP,3.333,6.0,"Uma aula de revisao / de anatomia pra voce,","Una clase de repaso de anatomía para ti,"
Ads 22 FEP,6.333,8.666,tudo isso sendo preparado / mensalmente,todo esto preparado mensualmente
Ads 22 FEP,8.667,10.0,"nesse projeto que tenho feito,",en este proyecto que he hecho
Ads 22 FEP,10.333,11.666,"das disseccoes anatomicas,","de las disecciones anatómicas,"
Ads 22 FEP,12.0,13.333,"onde preparo uma pega,","donde preparo una pieza,"
Ads 22 FEP,13.333,15.666,"voces podem observar a qualidade,","pueden observar la calidad,"
Ads 22 FEP,15.667,17.333,"a vivacidade, como é viva,","la vivacidad, lo viva que está,"
Ads 22 FEP,17.333,20.0,"a gordura esta bem amarela,","la grasa está bien amarilla,"
Ads 22 FEP,20.333,22.0,"a vascularizacao bem evidente,","la vascularización bien evidente,"
Ads 22 FEP,22.667,24.333,tudo isso vai trazer uma / seguranca muito maior,todo esto va a traer mucha más seguridad
Ads 22 FEP,24.667,26.333,para os procedimentos / de harmonizacao facial.,para los procedimientos de armonización facial.
Ads 22 FEP,26.667,27.666,Se voce quer saber mais,Si quieres saber más
Ads 22 FEP,28.0,29.666,"e realmente ser um injetor de elite,","y realmente ser un inyector de élite,"
Ads 22 FEP,29.667,30.666,"toque em SAIBA MAIS,","toca en MÁS INFORMACIÓN,"
Ads 22 FEP,31.0,31.333,"se inscreve,","inscríbete,"
Ads 22 FEP,31.333,32.0,que eu te vejo la!,¡y nos vemos allá!
Ads 23 FEP,0.0,3.0,novos casos de,nuevos casos de
Ads 23 FEP,0.0,3.0,disseccoes anatomicas,disecciones anatómicas
Ads 23 FEP,3.0,4.333,Essas aulas que eu estou preparando,Estas clases que estoy preparando
Ads 23 FEP,4.667,6.666,baseado nas disseccoes anatomicas.,basadas en las disecciones anatómicas.
Ads 23 FEP,7.0,9.0,Fiz um trabalho de disseccao muito / bonito aqui.,Hice un trabajo de disección muy bonito aquí.
Ads 23 FEP,9.0,10.333,"Se voces observarem,","Si observan,"
Ads 23 FEP,10.333,11.333,"olha essa vascularizacao,","miren esta vascularización,"
Ads 23 FEP,12.0,12.666,"olha como esta vivo,","miren lo viva que está,"
Ads 23 FEP,13.0,14.0,olha como a gente consegue,miren cómo logramos
Ads 23 FEP,14.0,15.0,observar os tecidos,observar los tejidos
Ads 23 FEP,15.0,15.666,de maneira muito real.,de manera muy real.
Ads 23 FEP,16.667,19.0,Tudo isso vai pra nossa / pr6xima aula da FEP.,Todo esto va para nuestra próxima clase de la FEP.
Ads 23 FEP,19.0,21.0,A Formacao Especialista em / Preenchimento,La Formación Especialista en Relleno
Ads 23 FEP,21.0,23.333,"é um curso onde eu mostro anatomia,","es un curso donde muestro anatomía,"
Ads 23 FEP,23.667,24.666,"reologia, técnicas","reología, técnicas"
Ads 23 FEP,24.667,27.333,e intercorrencias no / preenchimento full face.,y complicaciones en el relleno full face.
Ads 23 FEP,27.667,29.0,"Essa é a minha metodologia Arte,","Esta es mi metodología Arte,"
Ads 23 FEP,29.333,30.666,que vai te preparar pra ser,que te va a preparar para ser
Ads 23 FEP,30.667,31.666,um injetor de elite,un inyector de élite
Ads 23 FEP,31.667,32.666,"com seguranca,","con seguridad,"
Ads 23 FEP,32.667,33.333,"com seriedade,","con seriedad,"
Ads 23 FEP,34.0,34.666,"com ciencia,","con ciencia,"
Ads 23 FEP,35.0,37.333,"com qualidade de / imagem em casos clinicos,","con calidad de imagen en casos clínicos,"
Ads 23 FEP,37.667,38.333,que com certeza,que sin duda
Ads 23 FEP,38.333,40.333,vai fazer muita diferenca / no seu dia a dia.,va a marcar mucha diferencia en tu día a día.
Ads 23 FEP,40.667,41.333,Para se inscrever,"Para inscribirte,"
Ads 23 FEP,41.333,42.666,eé so clicar em SAIBA MAIS.,solo haz clic en MÁS INFORMACIÓN.
Ads 23 FEP,43.0,43.666,Te vejo la!,¡Nos vemos allá!
Ads 24 FEP,0.0,4.666,novos casos de,nuevos casos de
Ads 24 FEP,0.0,4.666,disseccoes anatomicas,disecciones anatómicas
Ads 24 FEP,4.667,6.333,"Um curso certificado pelo MEC,","Un curso certificado por el MEC,"
Ads 24 FEP,6.667,8.0,baseado em uma metodologia.,basado en una metodología:
Ads 24 FEP,8.333,9.666,a metodologia ARTl.,la metodología ARTE.
Ads 24 FEP,10.0,10.666,A metodologia arte,La metodología ARTE
Ads 24 FEP,10.667,12.0,"é uma metodologia cientifica,","es una metodología científica,"
Ads 24 FEP,12.667,14.666,é uma metodologia que vai iniciar,es una metodología que va a empezar
Ads 24 FEP,14.667,15.666,o que nos estamos fazendo aqui agora:,por lo que estamos haciendo aquí ahora:
Ads 24 FEP,16.333,17.666,dissecoes anatomicas.,disecciones anatómicas.
Ads 24 FEP,18.0,19.333,"A de anatomia,","A de anatomía,"
Ads 24 FEP,19.667,21.666,"R de reologia dos materiais,","R de reología de los materiales,"
Ads 24 FEP,22.0,22.666,voce vai entender,vas a entender
Ads 24 FEP,22.667,23.666,como escolher o produto certo,cómo elegir el producto correcto
Ads 24 FEP,23.667,24.333,para cada regiao,para cada región
Ads 24 FEP,24.667,26.666,"baseado na viscoelasticidade,","basado en la viscoelasticidad,"
Ads 24 FEP,27.0,28.666,principios fisico-quimicos:,principios fisicoquímicos.
Ads 24 FEP,28.667,29.666,"Nao tem enrolacao,","Sin rodeos,"
Ads 24 FEP,29.667,30.666,precisa entender,necesitas entender
Ads 24 FEP,30.667,31.666,O produto que vocé usa,el producto que usas
Ads 24 FEP,32.0,33.0,e por que e como.,y por qué y cómo.
Ads 24 FEP,33.667,35.0,"Depois a gente vai ter as tecnicas,","Después vamos a tener las técnicas,"
Ads 24 FEP,35.333,36.333,todas as téecnicas:,todas las técnicas:
Ads 24 FEP,36.667,38.333,"fronte, temporal,","frente, sien,"
Ads 24 FEP,38.333,39.0,"supercilio,","ceja,"
Ads 24 FEP,39.0,40.0,"glabela,","glabela,"
Ads 24 FEP,40.0,40.666,"nariz, olheira,","nariz, ojera,"
Ads 24 FEP,40.667,42.0,"arco zigomatico,","arco cigomático,"
Ads 24 FEP,42.0,43.0,"sulco nasolabial,","surco nasolabial,"
Ads 24 FEP,43.0,44.0,"regiao perioral,","región perioral,"
Ads 24 FEP,44.333,45.333,"labio, pré jowl,","labio, pre-jowl,"
Ads 24 FEP,45.667,47.0,"mandibula, mento,","mandíbula, mentón,"
Ads 24 FEP,47.333,48.666,todas as estruturacoes.,todas las estructuraciones.
Ads 24 FEP,48.667,50.0,"E por ultimo as intercorrencias,","Y por último, las complicaciones,"
Ads 24 FEP,50.0,51.666,que também sao fundamentais.,que también son fundamentales.
Ads 24 FEP,52.0,53.333,"Quando a gente domina anatomia,","Cuando dominamos la anatomía,"
Ads 24 FEP,53.667,55.0,"quando a gente domina téecnicas,",cuando dominamos las técnicas
Ads 24 FEP,55.0,56.333,"e domina intercorrencias,","y dominamos las complicaciones,"
Ads 24 FEP,56.667,58.0,a gente consegue entregar o melhor,logramos entregar lo mejor
Ads 24 FEP,58.0,59.0,para os nossos pacientes.,a nuestros pacientes.
Ads 24 FEP,59.333,60.0,Para se inscrever,"Para inscribirte,"
Ads 24 FEP,60.0,61.333,é s6 clicar em SAIBA MAIS.,solo haz clic en MÁS INFORMACIÓN.
Ads 24 FEP,61.667,62.333,Te vejo la!,¡Nos vemos allá!
Ads 25 FEP,0.0,4.333,novos casos de,nuevos casos de
Ads 25 FEP,0.0,4.333,disseccoes anatomicas,disecciones anatómicas
Ads 25 FEP,4.333,5.666,O curso de preenchimento,El curso de relleno
Ads 25 FEP,5.667,6.666,mais completo do Brasil,"más completo de Brasil,"
Ads 25 FEP,7.333,8.333,100% 0nline.,100% online.
Ads 25 FEP,8.667,10.0,Hoje eu estou fazendo um trabalho,Hoy estoy haciendo un trabajo
Ads 25 FEP,10.0,11.0,de disseccao aqui,de disección aquí
Ads 25 FEP,11.0,12.333,"com os alunos do presencial,","con los alumnos del presencial,"
Ads 25 FEP,12.667,14.0,e vocées vao ter acesso,y ustedes van a tener acceso
Ads 25 FEP,14.0,15.0,"a todo esse material,","a todo este material,"
Ads 25 FEP,15.333,17.0,"as revisoes anatomicas,","a los repasos anatómicos,"
Ads 25 FEP,17.333,19.333,"aos preparos dos cadaveres frescos,","a las preparaciones de los cadáveres frescos,"
Ads 25 FEP,19.333,20.666,sao cadaveres que vieram,son cadáveres que vinieron
Ads 25 FEP,20.667,22.0,"diretamente dos Estados Unidos,","directamente de Estados Unidos,"
Ads 25 FEP,22.667,24.0,nunca foram violados antes.,nunca habían sido disecados antes.
Ads 25 FEP,24.333,26.0,"Fiz a disseccao pela primeira vez,","Hice la disección por primera vez,"
Ads 25 FEP,26.667,28.333,gravei em altissima resolucao,la grabé en altísima resolución
Ads 25 FEP,29.0,30.333,trazendo parametros anatomicos,con parámetros anatómicos
Ads 25 FEP,30.667,31.666,onde voces vao entender,donde van a entender
Ads 25 FEP,31.667,33.0,"onde estao as vascularizacoes,","dónde están las vascularizaciones,"
Ads 25 FEP,33.333,35.0,"onde que esta o tecido subcutaneo,","dónde está el tejido subcutáneo,"
Ads 25 FEP,35.0,36.0,a musculatura.,la musculatura.
Ads 25 FEP,36.333,37.666,"Tudo isso traz muita vivencia,","Todo esto da mucha experiencia,"
Ads 25 FEP,38.0,39.666,sao poucos os profissionais no mundo,son pocos los profesionales en el mundo
Ads 25 FEP,39.667,41.0,"que fazem esse tipo de trabalho,","que hacen este tipo de trabajo,"
Ads 25 FEP,41.333,42.666,e eu estou entregando isso,y yo les estoy entregando esto
Ads 25 FEP,42.667,44.333,em extrema qualidade pra voces.,con calidad extrema.
Ads 25 FEP,44.667,46.0,Entao se voce quer se atualizar,"Entonces, si quieres actualizarte"
Ads 25 FEP,46.0,47.333,"e estar por dentro da anatomia,","y estar al día en anatomía,"
Ads 25 FEP,47.667,50.333,"reologia e téecnicas de preenchimento / facial,","reología y técnicas de relleno facial,"
Ads 25 FEP,50.333,52.0,a Formacao Especialista em / Preenchimento,la Formación Especialista en Relleno
Ads 25 FEP,52.333,53.0,"é o melhor caminho,","es el mejor camino,"
Ads 25 FEP,53.333,54.333,porque voce vai aprender,porque vas a aprender
Ads 25 FEP,54.333,55.333,"isso 100% 0nline,","esto 100% online,"
Ads 25 FEP,55.667,56.333,"direto da sua casa,","directo desde tu casa,"
Ads 25 FEP,57.0,57.666,"pratico,","práctico,"
Ads 25 FEP,57.667,59.333,rapido com certificacao do MEc.,"rápido, con certificación del MEC."
Ads 25 FEP,59.667,61.0,"E um curso extremamente completo,","Es un curso extremadamente completo,"
Ads 25 FEP,61.333,62.333,com mais de 100 aulas.,con más de 100 clases.
Ads 25 FEP,62.667,63.333,Para se inscrever,"Para inscribirte,"
Ads 25 FEP,63.333,64.666,é so clicar em SAIBA MAIS.,solo haz clic en MÁS INFORMACIÓN.
Ads 25 FEP,64.667,65.666,Te vejo la!,¡Nos vemos allá!
