criativo	PT	ES
Ads 01 (Feed e Story, png)	76% DE DESCONTO PARA INJETORES	76 % DE DESCUENTO PARA INYECTORES [DESCUENTO EN MONEDA LOCAL: CONFIRMAR, el original dice 76 %]
Ads 01 (Feed e Story, png)	DOMINAREM O PROCEDIMENTO MAIS DESAFIADOR DA HARMONIZAÇÃO FACIAL (O PREENCHIMENTO DE OLHEIRAS) E SE TORNAREM REFERÊNCIA NO MERCADO.	QUE QUIEREN DOMINAR EL PROCEDIMIENTO MÁS DESAFIANTE DE LA ARMONIZACIÓN FACIAL (EL RELLENO DE OJERAS) Y CONVERTIRSE EN REFERENTES DEL MERCADO.
Ads 01 (Feed e Story, png)	TOQUE EM SAIBA MAIS	TOQUE EN MÁS INFORMACIÓN
Ads 02 (Feed e Story, png)	Faça uma pergunta	Haga una pregunta
Ads 02 (Feed e Story, png)	Dr. João, preenchimento de olheiras é o meu pesadelo. O que fazer?	Dr. João, el relleno de ojeras es mi pesadilla. ¿Qué hago?
Ads 02 (Feed e Story, png)	Injetor, o preenchimento de olheiras é um dos procedimentos mais desafiadores e lucrativos da harmonização facial.	Estimado inyector: el relleno de ojeras es uno de los procedimientos más desafiantes y rentables de la armonización facial.
Ads 02 (Feed e Story, png)	Sou o Dr. João Pithon, médico, pesquisador e co-autor do livro Arquitetura Facial. Se tem alguém que pode te mostrar como dominar essa região de forma segura e previsível, sou eu.	Soy el Dr. João Pithon, médico, investigador y coautor del libro Arquitetura Facial. Si hay alguien que pueda mostrarle cómo dominar esta región de forma segura y previsible, soy yo.
Ads 02 (Feed e Story, png)	Por um valor simbólico, apenas R$ 97,00, você terá acesso ao meu eBook: Preenchimento Tridimensional de Olheiras: Um Guia Completo com a Metodologia ARTI	Por un valor simbólico, solo R$ 97,00, tendrá acceso a mi ebook Relleno tridimensional de ojeras: una guía completa con la metodología ARTI. [PRECIO EN MONEDA LOCAL: CONFIRMAR, el original dice R$ 97,00]
Ads 02 (Feed e Story, png)	Toque em SAIBA MAIS e garanta o seu!	Toque en MÁS INFORMACIÓN y asegure el suyo.
Ads 03 (Feed e Story, png)	Aprenda o preenchimento tridimensional de olheiras	Aprenda el relleno tridimensional de ojeras
Ads 03 (Feed e Story, png)	Este guia revela como aplicar a metodologia ARTI (Anatomia, Reologia, Técnica e Intercorrências) no preenchimento de olheiras, a região mais delicada da face, conquistando resultados superiores onde a maioria falha.	Esta guía muestra cómo aplicar la metodología ARTI (Anatomía, Reología, Técnica e Intercurrencias) en el relleno de ojeras, la región más delicada del rostro, para obtener resultados superiores donde la mayoría falla.
Ads 03 (Feed e Story, png)	De R$200,00 Por apenas R$ 97,00	De R$ 200,00 a solo R$ 97,00 [PRECIO EN MONEDA LOCAL: CONFIRMAR, el original dice R$ 200,00 tachado y R$ 97,00]
Ads 03 (Feed e Story, png)	CLIQUE E GARANTA O SEU DESCONTO	HAGA CLIC Y ASEGURE SU DESCUENTO
Ads 04 (Feed e Story, png)	Hoje, saber fazer o preenchimento dessa região é algo que diferencia a maior parte dos injetores de todo o mundo, não somente do Brasil.	Hoy, saber rellenar esta región es lo que distingue a los inyectores en todo el mundo.
Ads 04 (Feed e Story, png)	Esta é uma oportunidade imperdível, onde você irá melhorar os seus resultados de maneira efetiva e segura.	Es una oportunidad única para mejorar sus resultados de manera eficaz y segura.
Ads 04 (Feed e Story, png)	eBook: Preenchimento Tridimensional de Olheiras: Um Guia Completo com a Metodologia ARTI	Ebook: Relleno tridimensional de ojeras: una guía completa con la metodología ARTI
Ads 04 (Feed e Story, png)	Este guia revela como aplicar a metodologia ARTI (Anatomia, Reologia, Técnica e Intercorrências) no preenchimento de olheiras, a região mais delicada da face, conquistando resultados superiores onde a maioria falha.	Esta guía muestra cómo aplicar la metodología ARTI (Anatomía, Reología, Técnica e Intercurrencias) en el relleno de ojeras, la región más delicada del rostro, para obtener resultados superiores donde la mayoría falla.
Ads 04 (Feed e Story, png)	Toque em “Saiba mais” e libere o seu acesso!	Toque en “Más información” y obtenga su acceso.
Ads 05 (Feed e Story, png)	eBook Preenchimento Tridimensional de Olheiras: Um Guia Completo com a Metodologia ARTI	Ebook Relleno tridimensional de ojeras: una guía completa con la metodología ARTI
Ads 05 (Feed e Story, png)	✔ Aprenda o preenchimento tridimensional de olheiras	✔ Aprenda el relleno tridimensional de ojeras
Ads 05 (Feed e Story, png)	De R$200,00 Por apenas R$ 97,00	De R$ 200,00 a solo R$ 97,00 [PRECIO EN MONEDA LOCAL: CONFIRMAR, el original dice R$ 200,00 tachado y R$ 97,00]
Ads 05 (Feed e Story, png)	CLIQUE E GARANTA O SEU DESCONTO	HAGA CLIC Y ASEGURE SU DESCUENTO
Ads 07 (Feed e Story, png)	PREENCHIMENTO TRIDIMENSIONAL DE OLHEIRAS	RELLENO TRIDIMENSIONAL DE OJERAS
Ads 07 (Feed e Story, png)	48 horas. Ou menos.	48 horas. O menos.
Ads 07 (Feed e Story, png)	É o tempo que você tem para garantir o seu eBook Preenchimento Tridimensional de Olheiras: Um Guia Completo com a Metodologia ARTI, com desconto!	Es el tiempo que tiene para obtener su ebook Relleno tridimensional de ojeras: una guía completa con la metodología ARTI, con descuento.
Ads 07 (Feed e Story, png)	TOQUE EM SAIBA MAIS E LIBERE O SEU ACESSO	TOQUE EN MÁS INFORMACIÓN Y OBTENGA SU ACCESO
Ads 08 (Feed e Story, png)	PREENCHIMENTO TRIDIMENSIONAL DE OLHEIRAS	RELLENO TRIDIMENSIONAL DE OJERAS
Ads 08 (Feed e Story, png)	DE R$ 200 POR R$ 97,00	DE R$ 200 A R$ 97,00 [PRECIO EN MONEDA LOCAL: CONFIRMAR, el original dice R$ 200 tachado y R$ 97,00]
Ads 08 (Feed e Story, png)	Domine o procedimento mais desafiador da harmonização facial (o preenchimento de olheiras) com a metodologia ARTI, e alcance resultados naturais, seguros e duradouros.	Domine el procedimiento más desafiante de la armonización facial (el relleno de ojeras) con la metodología ARTI y logre resultados naturales, seguros y duraderos.
Ads 08 (Feed e Story, png)	Este guia revela como aplicar a metodologia ARTI (Anatomia, Reologia, Técnica e Intercorrências) no preenchimento de olheiras, a região mais delicada da face, conquistando resultados superiores onde a maioria falha.	Esta guía muestra cómo aplicar la metodología ARTI (Anatomía, Reología, Técnica e Intercurrencias) en el relleno de ojeras, la región más delicada del rostro, para obtener resultados superiores donde la mayoría falla.
Ads 08 (Feed e Story, png)	Toque em SAIBA MAIS e garanta o seu desconto	Toque en MÁS INFORMACIÓN y asegure su descuento
Ads 10 (Feed e Story, png)	Aprenda o preenchimento tridimensional de olheiras ao dominar:	Aprenda el relleno tridimensional de ojeras dominando:
Ads 10 (Feed e Story, png)	1. Técnicas de injeção	1. Técnicas de inyección
Ads 10 (Feed e Story, png)	2. Regiões de risco	2. Zonas de riesgo
Ads 10 (Feed e Story, png)	3. Plano anatômico correto	3. Plano anatómico correcto
Ads 10 (Feed e Story, png)	CLIQUE E GARANTA O SEU DESCONTO	HAGA CLIC Y ASEGURE SU DESCUENTO
Ads 11 (Feed e Story, png)	De R$200,00 por apenas R$ 97,00	De R$ 200,00 a solo R$ 97,00 [PRECIO EN MONEDA LOCAL: CONFIRMAR, el original dice R$ 200,00 tachado y R$ 97,00]
Ads 11 (Feed e Story, png)	Aprenda o preenchimento tridimensional de olheiras ao dominar:	Aprenda el relleno tridimensional de ojeras dominando:
Ads 11 (Feed e Story, png)	1. Técnicas de injeção	1. Técnicas de inyección
Ads 11 (Feed e Story, png)	2. Regiões de risco	2. Zonas de riesgo
Ads 11 (Feed e Story, png)	3. Plano anatômico correto	3. Plano anatómico correcto
Ads 11 (Feed e Story, png)	CLIQUE E GARANTA O SEU DESCONTO	HAGA CLIC Y ASEGURE SU DESCUENTO
Ads 12 (Feed e Story, png)	Preenchimento Tridimensional de Olheiras: Um Guia Completo com a Metodologia ARTI	Relleno tridimensional de ojeras: una guía completa con la metodología ARTI
Ads 12 (Feed e Story, png)	Este guia revela como aplicar a metodologia ARTI (Anatomia, Reologia, Técnica e Intercorrências) no preenchimento de olheiras, a região mais delicada da face, conquistando resultados superiores onde a maioria falha.	Esta guía muestra cómo aplicar la metodología ARTI (Anatomía, Reología, Técnica e Intercurrencias) en el relleno de ojeras, la región más delicada del rostro, para obtener resultados superiores donde la mayoría falla.
Ads 12 (Feed e Story, png)	Toque em “Saiba mais” e libere o seu acesso!	Toque en “Más información” y obtenga su acceso.
Ads 13 (Feed e Story, png)	PREENCHIMENTO TRIDIMENSIONAL DE OLHEIRAS	RELLENO TRIDIMENSIONAL DE OJERAS
Ads 13 (Feed e Story, png)	O PASSO A PASSO para injetores dominarem o preenchimento tridimensional de olheiras, mesmo começando do zero!	EL PASO A PASO para que los inyectores dominen el relleno tridimensional de ojeras, incluso si empiezan desde cero.
Ads 13 (Feed e Story, png)	Este guia revela como aplicar a metodologia ARTI (Anatomia, Reologia, Técnica e Intercorrências) no preenchimento de olheiras, a região mais delicada da face, conquistando resultados superiores onde a maioria falha.	Esta guía muestra cómo aplicar la metodología ARTI (Anatomía, Reología, Técnica e Intercurrencias) en el relleno de ojeras, la región más delicada del rostro, para obtener resultados superiores donde la mayoría falla.
Ads 13 (Feed e Story, png)	De R$200,00 Por apenas R$ 97,00 SÓ HOJE	De R$ 200,00 a solo R$ 97,00 SOLO HOY [PRECIO EN MONEDA LOCAL: CONFIRMAR, el original dice R$ 200,00 tachado y R$ 97,00]
Ads 13 (Feed e Story, png)	CLIQUE E GARANTA O SEU DESCONTO	HAGA CLIC Y ASEGURE SU DESCUENTO
Ads 14 (Feed e Story, png)	PREENCHIMENTO TRIDIMENSIONAL DE OLHEIRAS	RELLENO TRIDIMENSIONAL DE OJERAS
Ads 14 (Feed e Story, png)	Tem medo de realizar o procedimento mais desafiador da harmonização facial: o preenchimento de olheiras?	¿Le da miedo realizar el procedimiento más desafiante de la armonización facial: el relleno de ojeras?
Ads 14 (Feed e Story, png)	Este guia foi criado justamente para evitar isso: domine o procedimento mais desafiador da harmonização facial com a metodologia ARTI e alcance resultados naturais, seguros e duradouros.	Esta guía se creó precisamente para evitarlo: domine el procedimiento más desafiante de la armonización facial con la metodología ARTI y logre resultados naturales, seguros y duraderos.
Ads 14 (Feed e Story, png)	De R$200,00 Por apenas R$ 97,00	De R$ 200,00 a solo R$ 97,00 [PRECIO EN MONEDA LOCAL: CONFIRMAR, el original dice R$ 200,00 tachado y R$ 97,00]
Ads 14 (Feed e Story, png)	Toque em SAIBA MAIS e garanta o seu!	Toque en MÁS INFORMACIÓN y asegure el suyo.
Ads 15 (Feed e Story, png)	PREENCHIMENTO TRIDIMENSIONAL DE OLHEIRAS	RELLENO TRIDIMENSIONAL DE OJERAS
Ads 15 (Feed e Story, png)	Oportunidade única para injetores que desejam dominar o procedimento mais desafiador da harmonização facial (o preenchimento de olheiras) e se tornarem referência no mercado.	Una oportunidad única para inyectores que quieren dominar el procedimiento más desafiante de la armonización facial (el relleno de ojeras) y convertirse en referentes del mercado.
Ads 15 (Feed e Story, png)	eBook: Preenchimento Tridimensional de Olheiras: Um Guia Completo com a Metodologia ARTI + 03 Casos Clínicos Exclusivos	Ebook: Relleno tridimensional de ojeras: una guía completa con la metodología ARTI + 3 casos clínicos exclusivos
Ads 15 (Feed e Story, png)	De R$200,00 Por apenas R$ 97,00 SÓ HOJE	De R$ 200,00 a solo R$ 97,00 SOLO HOY [PRECIO EN MONEDA LOCAL: CONFIRMAR, el original dice R$ 200,00 tachado y R$ 97,00]
Ads 15 (Feed e Story, png)	Toque em SAIBA MAIS e garanta o seu!	Toque en MÁS INFORMACIÓN y asegure el suyo.
[FEED] ADS 02 (jpg)	APRENDA O PASSO A PASSO PARA TRATAR OLHEIRAS SEM IMPROVISO.	APRENDA EL PASO A PASO PARA TRATAR OJERAS SIN IMPROVISAR.
[FEED] ADS 02 (jpg)	EBOOK COM PROTOCOLO COMPLETO: ANÁLISE, PLANEJAMENTO E EXECUÇÃO.	EBOOK CON PROTOCOLO COMPLETO: ANÁLISIS, PLANIFICACIÓN Y EJECUCIÓN.
[FEED] ADS 02 (jpg)	Acesso completo por apenas R$97	Acceso completo por solo R$ 97 [PRECIO EN MONEDA LOCAL: CONFIRMAR, el original dice R$ 97]
[FEED] ADS 02 (jpg)	O PRIMEIRO & MAIS VENDIDO · +30 MIL CÓPIAS VENDIDAS	MÉTODO EXCLUSIVO DEL DR. JOÃO PITHON · +30 MIL COPIAS VENDIDAS
[STORIES] ADS 01 (jpg)	Você ainda evita tratar olheiras por medo de complicações?	¿Todavía evita tratar ojeras por miedo a las complicaciones?
[STORIES] ADS 01 (jpg)	Domine a anatomia, profundidade e técnica certa para cada caso.	Domine la anatomía, la profundidad y la técnica adecuada para cada caso.
[STORIES] ADS 01 (jpg)	Ebook com marcação, planos de aplicação e escolha correta de produto.	Ebook con marcación, planos de aplicación y elección correcta del producto.
[STORIES] ADS 01 (jpg)	De R$297 → por apenas R$97	De R$ 297 → a solo R$ 97 [PRECIO EN MONEDA LOCAL: CONFIRMAR, el original dice R$ 297 tachado y R$ 97]
[STORIES] ADS 01 (jpg)	O PRIMEIRO & MAIS VENDIDO · +30 MIL CÓPIAS VENDIDAS	MÉTODO EXCLUSIVO DEL DR. JOÃO PITHON · +30 MIL COPIAS VENDIDAS
[STORIES] ADS 01 (jpg)	Toque em Saiba Mais e garanta o seu.	Toque en Más información y asegure el suyo.
[FEED] ADS 03 (jpg)	A região mais temida da face pode virar a mais lucrativa, quando você sabe exatamente onde, quanto e como aplicar.	La región más temida del rostro puede convertirse en la más rentable cuando usted sabe exactamente dónde, cuánto y cómo aplicar.
[FEED] ADS 03 (jpg)	EBOOK COM PONTOS DE APLICAÇÃO, VOLUMES E VARIAÇÕES POR TIPO DE OLHEIRA.	EBOOK CON PUNTOS DE APLICACIÓN, VOLÚMENES Y VARIACIONES SEGÚN EL TIPO DE OJERA.
[FEED] ADS 03 (jpg)	De R$297 por apenas R$97	De R$ 297 a solo R$ 97 [PRECIO EN MONEDA LOCAL: CONFIRMAR, el original dice R$ 297 tachado y R$ 97]
[FEED] ADS 04 e [STORIES] ADS 04 (jpg)	Você estudou... mas na hora de aplicar, trava?	Usted estudió… pero, a la hora de aplicar, ¿se bloquea?
[FEED] ADS 04 e [STORIES] ADS 04 (jpg)	Aqui você aprende o que realmente importa: execução segura.	Aquí aprende lo que realmente importa: una ejecución segura.
[FEED] ADS 04 e [STORIES] ADS 04 (jpg)	EBOOK COM DEMONSTRAÇÃO PRÁTICA E DECISÕES CLÍNICAS EXPLICADAS.	EBOOK CON DEMOSTRACIÓN PRÁCTICA Y DECISIONES CLÍNICAS EXPLICADAS.
[FEED] ADS 05 e [STORIES] ADS 05 (jpg)	Compartilhando esse caso de olheiras + lábios seguindo os ensinamentos do Prof. Muito feliz com o resultado	Comparto este caso de ojeras + labios siguiendo las enseñanzas del profesor. Muy feliz con el resultado.
[FEED] ADS 05 e [STORIES] ADS 05 (jpg)	Só queria mostrar a olheira que saiu agorinha aqui no meu consultório	Solo quería mostrarle el relleno de ojeras que acabo de realizar en mi consultorio.
[FEED] ADS 05 e [STORIES] ADS 05 (jpg)	O preenchimento de olheiras não é uma técnica difícil, para quem tem um raciocínio clínico estruturado.	El relleno de ojeras no es una técnica difícil para quien tiene un razonamiento clínico estructurado.
[FEED] ADS 05 e [STORIES] ADS 05 (jpg)	Acesso completo por apenas R$97	Acceso completo por solo R$ 97 [PRECIO EN MONEDA LOCAL: CONFIRMAR, el original dice R$ 97]
[FEED] ADS 05 e [STORIES] ADS 05 (jpg)	TOQUE EM SAIBA MAIS E GARANTA O SEU.	TOQUE EN MÁS INFORMACIÓN Y ASEGURE EL SUYO.
[FEED] ADS 06 e [STORIES] ADS 06 (jpg)	Evitar olheiras está te custando pacientes. Domine uma das áreas mais valorizadas da harmonização.	Evitar tratar ojeras le está costando pacientes. Domine una de las áreas más valoradas de la armonización.
[FEED] ADS 06 e [STORIES] ADS 06 (jpg)	Com um ebook que mostra o raciocínio clínico por trás de cada aplicação.	Con un ebook que muestra el razonamiento clínico detrás de cada aplicación.
[FEED] ADS 06 e [STORIES] ADS 06 (jpg)	O PRIMEIRO & MAIS VENDIDO · +30 MIL CÓPIAS VENDIDAS	MÉTODO EXCLUSIVO DEL DR. JOÃO PITHON · +30 MIL COPIAS VENDIDAS
[FEED] ADS 06 e [STORIES] ADS 06 (jpg)	TOQUE EM SAIBA MAIS E GARANTA O SEU.	TOQUE EN MÁS INFORMACIÓN Y ASEGURE EL SUYO.
[FEED] ADS 07 e [STORIES] ADS 07 (jpg)	PREENCHIMENTO TRIDIMENSIONAL DE OLHEIRAS	RELLENO TRIDIMENSIONAL DE OJERAS
[FEED] ADS 07 e [STORIES] ADS 07 (jpg)	Existe um limite seguro e você precisa conhecer: aprenda anatomia aplicada sem achismo e sem risco desnecessário.	Existe un límite seguro y usted necesita conocerlo: aprenda anatomía aplicada sin suposiciones y sin riesgos innecesarios.
[FEED] ADS 07 e [STORIES] ADS 07 (jpg)	Ebook com zonas de risco, profundidade e cuidados para evitar complicações.	Ebook con zonas de riesgo, profundidad y cuidados para evitar complicaciones.
[FEED] ADS 07 e [STORIES] ADS 07 (jpg)	GARANTA JÁ O SEU	ASEGURE EL SUYO AHORA
[FEED] ADS 08 e [STORIES] ADS 08 (jpg)	De insegura para referência em olheiras.	De insegura a referente en ojeras.
[FEED] ADS 08 e [STORIES] ADS 08 (jpg)	Com a Técnica Tridimensional de Preenchimento de Olheiras.	Con la técnica tridimensional de relleno de ojeras.
[FEED] ADS 08 e [STORIES] ADS 08 (jpg)	Ebook Preenchimento Tridimensional de Olheiras: Um Guia Completo com a Metodologia ARTI	Ebook Relleno tridimensional de ojeras: una guía completa con la metodología ARTI
[FEED] ADS 08 e [STORIES] ADS 08 (jpg)	Metodologia ARTI no Preenchimento de Olheiras	Metodología ARTI en el relleno de ojeras
[FEED] ADS 08 e [STORIES] ADS 08 (jpg)	Compartilhando esse caso de olheiras + lábios seguindo os ensinamentos do Prof. Muito feliz com o resultado	Comparto este caso de ojeras + labios siguiendo las enseñanzas del profesor. Muy feliz con el resultado.
[FEED] ADS 08 e [STORIES] ADS 08 (jpg)	Só queria mostrar a olheira que saiu agorinha aqui no meu consultório	Solo quería mostrarle el relleno de ojeras que acabo de realizar en mi consultorio.
[FEED] ADS 08 e [STORIES] ADS 08 (jpg)	O PRIMEIRO & MAIS VENDIDO · 30 MIL CÓPIAS VENDIDAS	MÉTODO EXCLUSIVO DEL DR. JOÃO PITHON · +30 MIL COPIAS VENDIDAS
[FEED] ADS 08 e [STORIES] ADS 08 (jpg)	TOQUE EM SAIBA MAIS E GARANTA O SEU	TOQUE EN MÁS INFORMACIÓN Y ASEGURE EL SUYO
[FEED] ADS 09 e [STORIES] ADS 09 (jpg)	Não é sobre preencher. É sobre saber onde NÃO tocar.	No se trata de rellenar. Se trata de saber dónde NO tocar.
[FEED] ADS 09 e [STORIES] ADS 09 (jpg)	Evite erros comuns que comprometem o resultado.	Evite los errores comunes que comprometen el resultado.
[FEED] ADS 09 e [STORIES] ADS 09 (jpg)	Ebook com erros mais frequentes e como corrigir na prática.	Ebook con los errores más frecuentes y cómo corregirlos en la práctica.
[FEED] ADS 09 e [STORIES] ADS 09 (jpg)	O PRIMEIRO & MAIS VENDIDO · +30 MIL CÓPIAS VENDIDAS	MÉTODO EXCLUSIVO DEL DR. JOÃO PITHON · +30 MIL COPIAS VENDIDAS
[FEED] ADS 09 e [STORIES] ADS 09 (jpg)	TOQUE EM SAIBA MAIS E GARANTA O SEU.	TOQUE EN MÁS INFORMACIÓN Y ASEGURE EL SUYO.
[FEED] ADS 10 e [STORIES] ADS 10 (jpg)	Se você ainda depende de tentativa e erro, você está em risco.	Si todavía depende del ensayo y error, está en riesgo.
[FEED] ADS 10 e [STORIES] ADS 10 (jpg)	Aprenda um método seguro, replicável e clínico.	Aprenda un método seguro, replicable y clínico.
[FEED] ADS 10 e [STORIES] ADS 10 (jpg)	Ebook com passo a passo completo da primeira avaliação ao resultado final.	Ebook con el paso a paso completo, desde la primera evaluación hasta el resultado final.
[FEED] ADS 10 e [STORIES] ADS 10 (jpg)	De R$297 por apenas R$97	De R$ 297 a solo R$ 97 [PRECIO EN MONEDA LOCAL: CONFIRMAR, el original dice R$ 297 tachado y R$ 97]
[FEED] ADS 10 e [STORIES] ADS 10 (jpg)	TOQUE EM SAIBA MAIS E GARANTA O SEU.	TOQUE EN MÁS INFORMACIÓN Y ASEGURE EL SUYO.
[FEED] ADS 11 e [STORIES] ADS 11 (jpg)	De R$297 Por apenas R$97	De R$ 297 a solo R$ 97 [PRECIO EN MONEDA LOCAL: CONFIRMAR, el original dice R$ 297 tachado y R$ 97]
[FEED] ADS 11 e [STORIES] ADS 11 (jpg)	Metodologia ARTI aplicada ao preenchimento de olheiras;	Metodología ARTI aplicada al relleno de ojeras;
[FEED] ADS 11 e [STORIES] ADS 11 (jpg)	Técnica tridimensional passo a passo;	Técnica tridimensional paso a paso;
[FEED] ADS 11 e [STORIES] ADS 11 (jpg)	Casos clínicos comentados + videoaulas explicativas;	Casos clínicos comentados + videoclases explicativas;
[FEED] ADS 11 e [STORIES] ADS 11 (jpg)	Tudo organizado para aplicação prática imediata.	Todo organizado para su aplicación práctica inmediata.
[FEED] ADS 11 e [STORIES] ADS 11 (jpg)	TOQUE EM SAIBA MAIS E GARANTA O SEU	TOQUE EN MÁS INFORMACIÓN Y ASEGURE EL SUYO
[FEED] ADS 12 e [STORIES] ADS 12 (jpg)	Preenchimento de olheiras não é difícil. É imprevisível pra quem não tem método.	El relleno de ojeras no es difícil. Es imprevisible para quien no tiene método.
[FEED] ADS 12 e [STORIES] ADS 12 (jpg)	EVITE: INSEGURANÇA NO PLANO CORRETO; DÚVIDA NO DIAGNÓSTICO; RESULTADOS INCONSISTENTES.	EVITE: INSEGURIDAD SOBRE EL PLANO CORRECTO; DUDAS EN EL DIAGNÓSTICO; RESULTADOS INCONSISTENTES.
[FEED] ADS 12 e [STORIES] ADS 12 (jpg)	Aprenda o raciocínio clínico estruturado por R$97	Aprenda el razonamiento clínico estructurado por R$ 97 [PRECIO EN MONEDA LOCAL: CONFIRMAR, el original dice R$ 97]
[FEED] ADS 13 e [STORIES] ADS 13 (jpg)	Transforme o preenchimento de olheiras no seu maior diferencial, dominando uma habilidade que poucos profissionais possuem.	Convierta el relleno de ojeras en su mayor diferencial al dominar una habilidad que pocos profesionales tienen.
[FEED] ADS 13 e [STORIES] ADS 13 (jpg)	De R$297 por apenas R$97	De R$ 297 a solo R$ 97 [PRECIO EN MONEDA LOCAL: CONFIRMAR, el original dice R$ 297 tachado y R$ 97]
[FEED] ADS 13 e [STORIES] ADS 13 (jpg)	GARANTA JÁ O SEU	ASEGURE EL SUYO AHORA
[FEED] ADS 14 (jpg)	O QUE VOCÊ VAI RECEBER POR R$ 97	LO QUE RECIBIRÁ POR R$ 97 [PRECIO EN MONEDA LOCAL: CONFIRMAR, el original dice R$ 97]
[FEED] ADS 14 (jpg)	Técnica tridimensional passo a passo	Técnica tridimensional paso a paso
[FEED] ADS 14 (jpg)	Raciocínio clínico estruturado	Razonamiento clínico estructurado
[FEED] ADS 14 (jpg)	Revisão científica com artigos	Revisión científica con artículos
[FEED] ADS 14 (jpg)	Casos reais comentados	Casos reales comentados
[FEED] ADS 14 (jpg)	Conteúdo clínico direto para aplicar já no próximo paciente.	Contenido clínico directo para aplicar desde el próximo paciente.
[FEED] ADS 14 (jpg)	O PRIMEIRO E MAIS VENDIDO · +30 MIL CÓPIAS VENDIDAS	MÉTODO EXCLUSIVO DEL DR. JOÃO PITHON · +30 MIL COPIAS VENDIDAS
[FEED] ADS 14 (jpg)	TOQUE EM SAIBA MAIS E GARANTA O SEU EBOOK.	TOQUE EN MÁS INFORMACIÓN Y ASEGURE SU EBOOK.
[FEED] ADS 15 e ADS 15_V2 (jpg)	ESSE EBOOK É PRA VOCÊ QUE:	ESTE EBOOK ES PARA USTED SI:
[FEED] ADS 15 e ADS 15_V2 (jpg)	Evita tratar olheiras por insegurança	Evita tratar ojeras por inseguridad
[FEED] ADS 15 e ADS 15_V2 (jpg)	Já faz, mas sem previsibilidade	Ya lo hace, pero sin previsibilidad
[FEED] ADS 15 e ADS 15_V2 (jpg)	Quer reduzir risco e ter mais controle técnico	Quiere reducir riesgos y tener más control técnico
[FEED] ADS 15 e ADS 15_V2 (jpg)	Tudo isso com método estruturado por apenas R$ 97	Todo esto con un método estructurado por solo R$ 97 [PRECIO EN MONEDA LOCAL: CONFIRMAR, el original dice R$ 97]
[FEED] ADS 15 e ADS 15_V2 (jpg)	TOQUE EM SAIBA MAIS E GARANTA O SEU.	TOQUE EN MÁS INFORMACIÓN Y ASEGURE EL SUYO.
[FEED] ADS 16 (jpg)	ATENÇÃO PROFISSIONAIS DA HARMONIZAÇÃO	ATENCIÓN, PROFESIONALES DE LA ARMONIZACIÓN
[FEED] ADS 16 (jpg)	Por apenas R$97,00 você recebe:	Por solo R$ 97,00 recibe: [PRECIO EN MONEDA LOCAL: CONFIRMAR, el original dice R$ 97,00]
[FEED] ADS 16 (jpg)	Metodologia ARTI aplicada ao preenchimento de olheiras	Metodología ARTI aplicada al relleno de ojeras
[FEED] ADS 16 (jpg)	Técnica tridimensional passo a passo	Técnica tridimensional paso a paso
[FEED] ADS 16 (jpg)	Raciocínio clínico estruturado	Razonamiento clínico estructurado
[FEED] ADS 16 (jpg)	Casos clínicos comentados	Casos clínicos comentados
[FEED] ADS 16 (jpg)	Videoaulas explicativas	Videoclases explicativas
[FEED] ADS 16 (jpg)	Tudo claro e organizado para melhorar resultados e aumentar sua segurança ao tratar olheiras sem medo de complicações.	Todo claro y organizado para mejorar resultados y aumentar su seguridad al tratar ojeras sin miedo a las complicaciones.
[FEED] ADS 16 (jpg)	TOQUE EM SAIBA MAIS	TOQUE EN MÁS INFORMACIÓN
[FEED] ADS 17 (jpg)	O guia clínico mais vendido sobre olheiras	La guía clínica sobre ojeras con más de 30 mil copias vendidas
[FEED] ADS 17 (jpg)	Aprenda a técnica tridimensional por apenas R$97	Aprenda la técnica tridimensional por solo R$ 97 [PRECIO EN MONEDA LOCAL: CONFIRMAR, el original dice R$ 97]
[FEED] ADS 17 (jpg)	Transforme o preenchimento de olheiras no seu maior diferencial dentro da harmonização facial.	Convierta el relleno de ojeras en su mayor diferencial dentro de la armonización facial.
[FEED] ADS 17 (jpg)	Método comprovado para atuar com precisão anatômica e previsibilidade real.	Un método probado para trabajar con precisión anatómica y previsibilidad real.
[FEED] ADS 17 (jpg)	O PRIMEIRO & MAIS VENDIDO · +30 MIL CÓPIAS VENDIDAS	MÉTODO EXCLUSIVO DEL DR. JOÃO PITHON · +30 MIL COPIAS VENDIDAS
[FEED] ADS 17 (jpg)	TOQUE EM SAIBA MAIS	TOQUE EN MÁS INFORMACIÓN
[FEED] ADS 18 e [STORIES] ADS 18 (jpg)	EXCLUSIVO	EXCLUSIVO
[FEED] ADS 18 e [STORIES] ADS 18 (jpg)	Nenhum outro lugar no Brasil ensina esse método.	Un método exclusivo del Dr. João Pithon.
[FEED] ADS 18 e [STORIES] ADS 18 (jpg)	É difícil dominar olheiras, quando ninguém te dá um protocolo clínico para seguir. Por isso, poucos dominam essa técnica.	Es difícil dominar las ojeras cuando nadie le da un protocolo clínico para seguir. Por eso, pocos dominan esta técnica.
[FEED] ADS 18 e [STORIES] ADS 18 (jpg)	Você tem duas opções: Continuar evitando olheiras por medo; Ou pagar apenas R$97 pra aprender a mapear e tratar com segurança.	Tiene dos opciones: seguir evitando tratar ojeras por miedo, o pagar solo R$ 97 para aprender a mapearlas y tratarlas con seguridad. [PRECIO EN MONEDA LOCAL: CONFIRMAR, el original dice R$ 97]
[FEED] ADS 18 e [STORIES] ADS 18 (jpg)	Ebook prático com passos em 3D, casos reais e aplicações comentadas.	Ebook práctico con pasos en 3D, casos reales y aplicaciones comentadas.
[FEED] ADS 18 e [STORIES] ADS 18 (jpg)	O PRIMEIRO · +30 MIL CÓPIAS VENDIDAS	MÉTODO EXCLUSIVO DEL DR. JOÃO PITHON · +30 MIL COPIAS VENDIDAS
[FEED] ADS 19 (jpg)	+ de 30 mil cópias vendidas	+30 mil copias vendidas
[FEED] ADS 19 (jpg)	Seja referência em olheiras por R$97	Conviértase en referente en ojeras por R$ 97 [PRECIO EN MONEDA LOCAL: CONFIRMAR, el original dice R$ 97]
[FEED] ADS 19 (jpg)	Transforme essa área complicada em um grande diferencial na Harmonização Facial	Convierta esta área complicada en un gran diferencial en la armonización facial
[FEED] ADS 19 (jpg)	Casos reais analisados	Casos reales analizados
[FEED] ADS 19 (jpg)	SAIBA MAIS SOBRE ESSE MÉTODO	CONOZCA MÁS SOBRE ESTE MÉTODO
[FEED] ADS 20 e [STORIES] ADS 20 (jpg)	Você não evita olheiras por falta de técnica, você evita porque sabe o risco que está correndo.	Usted no evita tratar ojeras por falta de técnica: lo evita porque conoce el riesgo que corre.
[FEED] ADS 20 e [STORIES] ADS 20 (jpg)	Aprenda a decidir com segurança: profundidade, plano e quantidade (sem improviso).	Aprenda a decidir con seguridad: profundidad, plano y cantidad (sin improvisar).
[FEED] ADS 20 e [STORIES] ADS 20 (jpg)	De R$297 por apenas R$97	De R$ 297 a solo R$ 97 [PRECIO EN MONEDA LOCAL: CONFIRMAR, el original dice R$ 297 tachado y R$ 97]
[FEED] ADS 20 e [STORIES] ADS 20 (jpg)	O PRIMEIRO & MAIS VENDIDO · 30 MIL CÓPIAS VENDIDAS	MÉTODO EXCLUSIVO DEL DR. JOÃO PITHON · +30 MIL COPIAS VENDIDAS
[FEED] ADS 20 e [STORIES] ADS 20 (jpg)	Toque em Saiba Mais e garanta o seu.	Toque en Más información y asegure el suyo.
Ads 31 (Feed e Story, png)	Você não evita olheiras por falta de curso.	Usted no evita tratar ojeras por falta de cursos.
Ads 31 (Feed e Story, png)	Você evita porque ainda não sabe: Qual plano usar · Qual produto escolher · Quando NÃO preencher	Lo evita porque aún no sabe: qué plano usar · qué producto elegir · cuándo NO rellenar
Ads 31 (Feed e Story, png)	COPIE O PROTOCOLO TRIDIMENSIONAL	COPIE EL PROTOCOLO TRIDIMENSIONAL
Ads 31 (Feed e Story, png)	+30 MIL CÓPIAS VENDIDAS	+30 MIL COPIAS VENDIDAS
Ads 31 (Feed e Story, png)	Clique no botão ou aponte o celular para o QR Code para baixar o e-book	Haga clic en el botón o apunte el celular al código QR para descargar el ebook
Ads 32 (Feed e Story, png)	+30 MIL CÓPIAS VENDIDAS	+30 MIL COPIAS VENDIDAS
Ads 32 (Feed e Story, png)	Tem profissional cobrando menos... e ainda pegando mais pacientes.	Hay profesionales que cobran menos… y aun así atienden a más pacientes.
Ads 32 (Feed e Story, png)	A diferença está na previsibilidade.	La diferencia está en la previsibilidad.
Ads 32 (Feed e Story, png)	QUERO AUMENTAR MINHA PREVISIBILIDADE	QUIERO AUMENTAR MI PREVISIBILIDAD
Ads 33 (Feed e Story, png)	Você estudou... mas na hora de aplicar, trava?	Usted estudió… pero, a la hora de aplicar, ¿se bloquea?
Ads 33 (Feed e Story, png)	Aqui você aprende o que realmente importa:	Aquí aprende lo que realmente importa:
Ads 33 (Feed e Story, png)	✓ Edema e efeito Tyndall ✓ Regiões de risco ✓ Irregularidades ✓ Bolsas pós preenchimento	✓ Edema y efecto Tyndall ✓ Zonas de riesgo ✓ Irregularidades ✓ Bolsas tras el relleno
Ads 33 (Feed e Story, png)	QUERO DOMINAR OLHEIRAS	QUIERO DOMINAR LAS OJERAS
Ads 34 (Feed e Story, png)	• ACESSO VITALÍCIO	• ACCESO DE POR VIDA
Ads 34 (Feed e Story, png)	O problema não é preencher olheiras. O problema é usar o produto errado no plano errado.	El problema no es rellenar ojeras. El problema es usar el producto equivocado en el plano equivocado.
Ads 34 (Feed e Story, png)	Copie o protocolo tridimensional que aumenta a previsibilidade e a naturalidade dessa região.	Copie el protocolo tridimensional que aumenta la previsibilidad y la naturalidad de esta región.
Ads 34 (Feed e Story, png)	04. Intercorrências	04. Intercurrencias
Ads 34 (Feed e Story, png)	+30 MIL CÓPIAS VENDIDAS	+30 MIL COPIAS VENDIDAS
Ads 34 (Feed e Story, png)	RECEBER ACESSO VITALÍCIO POR R$97	OBTENER ACCESO DE POR VIDA POR R$ 97 [PRECIO EN MONEDA LOCAL: CONFIRMAR, el original dice R$ 97]
Ads 35 (Feed e Story, png)	3 erros que fazem sua olheira ficar artificial	3 errores que hacen que su relleno de ojeras se vea artificial
Ads 35 (Feed e Story, png)	✗ Produto muito hidrofílico ✗ Plano superficial ✗ Excesso de projeção	✗ Producto muy hidrofílico ✗ Plano superficial ✗ Exceso de proyección
Ads 35 (Feed e Story, png)	O protocolo tridimensional resolve os 3	El protocolo tridimensional resuelve los 3
Ads 35 (Feed e Story, png)	QUERO EVITAR ESSES ERROS	QUIERO EVITAR ESTOS ERRORES
Ads 36 (Feed e Story, png)	Preenchimento tridimensional de olheiras.	Relleno tridimensional de ojeras.
Ads 36 (Feed e Story, png)	A metodologia ARTI para aumentar previsibilidade, naturalidade e segurança.	La metodología ARTI para aumentar la previsibilidad, la naturalidad y la seguridad.
Ads 36 (Feed e Story, png)	+30 MIL CÓPIAS VENDIDAS	+30 MIL COPIAS VENDIDAS
Ads 36 (Feed e Story, png)	Assista ao vídeo	Vea el video
Ads 36 (Feed e Story, png)	Plano anatômico correto · Regiões de risco · Bolus, microbolus e retroinjeção · Escolha do preenchedor ideal	Plano anatómico correcto · Zonas de riesgo · Bolo, microbolo y retroinyección · Elección del producto de relleno ideal
Ads 36 (Feed e Story, png)	QUERO DOMINAR O PROTOCOLO	QUIERO DOMINAR EL PROTOCOLO
Ads 37 (Feed e Story, png)	Depois de mais de 20 mil alunos... percebemos um padrão.	Después de formar a más de 30.000 alumnos… notamos un patrón.
Ads 37 (Feed e Story, png)	As profissionais com melhores resultados em olheiras:	Las profesionales con mejores resultados en ojeras:
Ads 37 (Feed e Story, png)	✗ não aplicam mais produto. ✓ aplicam no plano correto.	✗ no aplican más producto. ✓ lo aplican en el plano correcto.
Ads 37 (Feed e Story, png)	+30 MIL CÓPIAS VENDIDAS	+30 MIL COPIAS VENDIDAS
Ads 37 (Feed e Story, png)	APRENDA O QUE ELAS FAZEM	APRENDA LO QUE ELLAS HACEN
Ads 38 (Feed e Story, png)	Não é mais um curso de olheiras. É um protocolo pronto para copiar na próxima paciente.	No es otro curso de ojeras. Es un protocolo listo para copiar con su próxima paciente.
Ads 38 (Feed e Story, png)	Qual cânula usar · Quando fazer bolus · Onde evitar volume · Como reduzir edema · Produtos e planos ideais	Qué cánula usar · Cuándo hacer un bolo · Dónde evitar volumen · Cómo reducir el edema · Productos y planos ideales
Ads 38 (Feed e Story, png)	+30 MIL CÓPIAS VENDIDAS	+30 MIL COPIAS VENDIDAS
Ads 38 (Feed e Story, png)	RECEBER ACESSO IMEDIATO	OBTENER ACCESO INMEDIATO
Ads 39 (Feed e Story, png)	A maioria das complicações em olheiras começa aqui.	La mayoría de las complicaciones en ojeras empieza aquí.
Ads 39 (Feed e Story, png)	O ebook mostra exatamente: Onde entrar · Profundidade correta · Produto ideal para cada plano	El ebook muestra exactamente: dónde entrar · la profundidad correcta · el producto ideal para cada plano
Ads 39 (Feed e Story, png)	VER PROTOCOLO COMPLETO	VER EL PROTOCOLO COMPLETO
Ads 40 (Feed e Story, png)	+30 MIL CÓPIAS VENDIDAS	+30 MIL COPIAS VENDIDAS
Ads 40 (Feed e Story, png)	• OFERTA LIMITADA	• OFERTA LIMITADA
Ads 40 (Feed e Story, png)	Acesso vitalício por apenas R$ 97,00	Acceso de por vida por solo R$ 97,00 [PRECIO EN MONEDA LOCAL: CONFIRMAR, el original dice R$ 97,00]
Ads 40 (Feed e Story, png)	Copie o protocolo tridimensional de olheiras utilizado por mais de 30 mil profissionais.	Copie el protocolo tridimensional de ojeras con más de 30 mil copias vendidas.
Ads 40 (Feed e Story, png)	GARANTIR MEU ACESSO AGORA	QUIERO MI ACCESO AHORA
