pag	aula_pt	titulo_es	youtube	heygen_id
15	Introdução ao raciocínio clínico de complicações agudas isquêmicas (NÃO está na pasta do Drive)	Introducción al razonamiento clínico de complicaciones agudas isquémicas	HW62ZM3NDC8	42d9570604e04b26a5c18c76e870e752-es
18/29	Revisão anatômica global da face - Vascularização	Revisión anatómica global de la cara - Vascularización	2Qoh7fWG5w4	cede15b78fb04ef7b7173b96638fa1a5-es
32	Hialuronidase	Hialuronidasa	zb0ZWo29Pk8	2d367ed2ac5a4d10bfb057cf2aae161e-es
35	Rinomodelação protocolo e manejo das complicações	Rinomodelación - Protocolo y manejo de las complicaciones	w7ZawtnNb2o	0e6164337eb241569e406756c4160473-es
37	Mecanismos de segurança com cânulas	Mecanismos de seguridad con cánulas	_yWZEknxYqo	a43ff9f20cbe4820941374cd40e5565e-es
43	Rinomodelação agulha ou cânula?	Rinomodelación - ¿Aguja o cánula?	NCHkXFLKZds	1c83fc523f364de69e4982b244ba8f5a-es
45	Preenchimento full face guiado por ultrassom ao vivo	Relleno full face guiado por ultrasonido en vivo	QocyeCsLs9M	f5844178d1284bc0954a19dd5a33869e-es
63	Amaurose protocolo de manejo das complicações	Amaurosis - Protocolo de manejo de las complicaciones	GnGMUiPcoC0	0b84b17b226a46f9a2a7c4af575e44e7-es
74	Complexo vascular nasoglabelar	Complejo vascular nasoglabelar	YUirUEfaMjc	63bbb570afa948f7bd4a73d48939079c-es
79	Complicações agudas não isquêmicas parte 1	Complicaciones agudas no isquémicas - Parte 1	XzONB5671uY	77452f298fb044e59a615c505cb5b71d-es
80	Complicações agudas não isquêmicas Parte 2	Complicaciones agudas no isquémicas - Parte 2	dh26SwtfD2U	d8499de7f6284f4b80a5d5557dc4625e-es
